Workbook

Sheet Orientações e escalas
A2: Os dados devem ser preenchidos nas abas (SEM 1, SEM 2, SEM 3 e SEM 4). Os resultados serão obtidos a partir desse prenchimento e visualizados em tabelas e gráficos. As escalas estão disponíveis abaixo:

Sheet SEM 1
A1: SEMANA 1 | L1: Son | M1: Estr | N1: Fad | O1: Dor | Q1: Média | T1: Teste de potência
A2: SEGUNDA-FEIRA | C2: DATA | E2: 45600 | L2: 5 | M2: 5 | N2: 5 | O2: 5 | Q2: =IFERROR(AVERAGE(L2:O2),"") | S2: =Q2
A3: Exercícios | B3: série 1 | G3: série 2 | L3: série 3 | Q3: série 4 | V3: série 5 | AA3: VEL (2x1) | AB3: VEL (3x1) | AC3: VEL (4x1) | AD3: VEL (5x1) | AG3: VTT-SESSÃO | AJ3: CARGA DE TREINO (U.A)
B4: nº reps | C4: peso(kg) | D4: veloc(s) | E4: VTT (sér) | G4: nº reps | H4: peso(kg) | I4: veloc(s) | J4: VTT (sér) | L4: nº reps | M4: peso(kg) | N4: veloc(s) | O4: VTT (sér) | Q4: nº reps | R4: peso(kg) | S4: veloc(s) | T4: VTT (sér) | V4: nº reps | W4: peso(kg) | X4: veloc(s) | Y4: VTT (sér) | AG4: =SUM(E18+J18+O18+T18+Y18) | AJ4: =AE5*AG7
A5: Leg Press 45 | B5: 12 | C5: 100 | D5: 2 | G5: 12 | H5: 100 | I5: 2 | J5: =G5*H5 | L5: 12 | M5: 100 | N5: 2 | O5: =L5*M5 | Q5: 12 | R5: 100 | S5: 2 | T5: =Q5*R5 | Y5: =V5*W5 | AA5: =IFERROR(((I5-D5)/D5)*100,"") | AB5: =IFERROR(((N5-D5)/D5)*100,"") | AC5: =IFERROR(((S5-D5)/D5)*100,"") | AD5: =IFERROR(((X5-D5)/D5)*100,"") | AE5: 7
E6: =B6*C6 | J6: =G6*H6 | O6: =L6*M6 | T6: =Q6*R6 | Y6: =V6*W6 | AA6: =IFERROR(((I6-D6)/D6)*100,"") | AB6: =IFERROR(((N6-D6)/D6)*100,"") | AC6: =IFERROR(((S6-D6)/D6)*100,"") | AD6: =IFERROR(((X6-D6)/D6)*100,"") | AG6: Tempo total sessão (min)
E7: =B7*C7 | J7: =G7*H7 | O7: =L7*M7 | T7: =Q7*R7 | Y7: =V7*W7 | AA7: =IFERROR(((I7-D7)/D7)*100,"") | AB7: =IFERROR(((N7-D7)/D7)*100,"") | AC7: =IFERROR(((S7-D7)/D7)*100,"") | AD7: =IFERROR(((X7-D7)/D7)*100,"") | AG7: 50
E8: =B8*C8 | J8: =G8*H8 | O8: =L8*M8 | T8: =Q8*R8 | Y8: =V8*W8 | AA8: =IFERROR(((I8-D8)/D8)*100,"") | AB8: =IFERROR(((N8-D8)/D8)*100,"") | AC8: =IFERROR(((S8-D8)/D8)*100,"") | AD8: =IFERROR(((X8-D8)/D8)*100,"")
E9: =B9*C9 | J9: =G9*H9 | O9: =L9*M9 | T9: =Q9*R9 | Y9: =V9*W9 | AA9: =IFERROR(((I9-D9)/D9)*100,"") | AB9: =IFERROR(((N9-D9)/D9)*100,"") | AC9: =IFERROR(((S9-D9)/D9)*100,"") | AD9: =IFERROR(((X9-D9)/D9)*100,"")
E10: =B10*C10 | J10: =G10*H10 | O10: =L10*M10 | T10: =Q10*R10 | Y10: =V10*W10 | AA10: =IFERROR(((I10-D10)/D10)*100,"") | AB10: =IFERROR(((N10-D10)/D10)*100,"") | AC10: =IFERROR(((S10-D10)/D10)*100,"") | AD10: =IFERROR(((X10-D10)/D10)*100,"")
E11: =B11*C11 | J11: =G11*H11 | O11: =L11*M11 | T11: =Q11*R11 | Y11: =V11*W11 | AA11: =IFERROR(((I11-D11)/D11)*100,"") | AB11: =IFERROR(((N11-D11)/D11)*100,"") | AC11: =IFERROR(((S11-D11)/D11)*100,"") | AD11: =IFERROR(((X11-D11)/D11)*100,"")
E12: =B12*C12 | J12: =G12*H12 | O12: =L12*M12 | T12: =Q12*R12 | Y12: =V12*W12 | AA12: =IFERROR(((I12-D12)/D12)*100,"") | AB12: =IFERROR(((N12-D12)/D12)*100,"") | AC12: =IFERROR(((S12-D12)/D12)*100,"") | AD12: =IFERROR(((X12-D12)/D12)*100,"")
E13: =B13*C13 | J13: =G13*H13 | O13: =L13*M13 | T13: =Q13*R13 | Y13: =V13*W13 | AA13: =IFERROR(((I13-D13)/D13)*100,"") | AB13: =IFERROR(((N13-D13)/D13)*100,"") | AC13: =IFERROR(((S13-D13)/D13)*100,"") | AD13: =IFERROR(((X13-D13)/D13)*100,"")
E14: =B14*C14 | J14: =G14*H14 | O14: =L14*M14 | T14: =Q14*R14 | Y14: =V14*W14 | AA14: =IFERROR(((I14-D14)/D14)*100,"") | AB14: =IFERROR(((N14-D14)/D14)*100,"") | AC14: =IFERROR(((S14-D14)/D14)*100,"") | AD14: =IFERROR(((X14-D14)/D14)*100,"")
E15: =B15*C15 | J15: =G15*H15 | O15: =L15*M15 | T15: =Q15*R15 | Y15: =V15*W15 | AA15: =IFERROR(((I15-D15)/D15)*100,"") | AB15: =IFERROR(((N15-D15)/D15)*100,"") | AC15: =IFERROR(((S15-D15)/D15)*100,"") | AD15: =IFERROR(((X15-D15)/D15)*100,"")
E16: =B16*C16 | J16: =G16*H16 | O16: =L16*M16 | T16: =Q16*R16 | Y16: =V16*W16 | AA16: =IFERROR(((I16-D16)/D16)*100,"") | AB16: =IFERROR(((N16-D16)/D16)*100,"") | AC16: =IFERROR(((S16-D16)/D16)*100,"") | AD16: =IFERROR(((X16-D16)/D16)*100,"") | AN16: =AH16*AH15 | AO16: =AJ16*AJ15 | AP16: =AK16*AK15 | AQ16: =AL16*AL15
E17: PR | J17: PR | O17: PR | T17: PR | AC17: PR-M | AD17: =IFERROR(AVERAGE(G17,L17,Q17,V17),"")
E18: =SUM(E5:E16) | J18: =SUM(J5:J16) | O18: =SUM(O5:O16) | T18: =SUM(T5:T16) | Y18: =SUM(Y5:Y16)
L19: Son | M19: Estr | N19: Fad | O19: Dor | Q19: Média | T19: Teste de potência
A20: TERÇA-FEIRA | C20: DATA | Q20: =IFERROR(AVERAGE(L20:O20),"") | S20: =Q20
A21: Exercícios | B21: série 1 | G21: série 2 | L21: série 3 | Q21: série 4 | V21: série 5 | AA21: VEL (2x1) | AB21: VEL (3x1) | AC21: VEL (4x1) | AD21: VEL (5x1) | AG21: VTT-SESSÃO | AJ21: CARGA DE TREINO (U.A)
B22: nº reps | C22: peso(kg) | D22: veloc(s) | E22: VTT (sér) | G22: nº reps | H22: peso(kg) | I22: veloc(s) | J22: VTT (sér) | L22: nº reps | M22: peso(kg) | N22: veloc(s) | O22: VTT (sér) | Q22: nº reps | R22: peso(kg) | S22: veloc(s) | T22: VTT (sér) | V22: nº reps | W22: peso(kg) | X22: veloc(s) | Y22: VTT (sér) | AG22: =SUM(E36+J36+O36+T36+Y36) | AJ22: =AE23*AG25
A23: Mobilidade | E23: =B23*C23 | J23: =G23*H23 | O23: =L23*M23 | T23: =Q23*R23 | Y23: =V23*W23 | AA23: =IFERROR(((I23-D23)/D23)*100,"") | AB23: =IFERROR(((N23-D23)/D23)*100,"") | AC23: =IFERROR(((S23-D23)/D23)*100,"") | AD23: =IFERROR(((X23-D23)/D23)*100,"")
E24: =B24*C24 | J24: =G24*H24 | O24: =L24*M24 | T24: =Q24*R24 | Y24: =V24*W24 | AA24: =IFERROR(((I24-D24)/D24)*100,"") | AB24: =IFERROR(((N24-D24)/D24)*100,"") | AC24: =IFERROR(((S24-D24)/D24)*100,"") | AD24: =IFERROR(((X24-D24)/D24)*100,"") | AG24: Tempo total sessão (min)
E25: =B25*C25 | J25: =G25*H25 | O25: =L25*M25 | T25: =Q25*R25 | Y25: =V25*W25 | AA25: =IFERROR(((I25-D25)/D25)*100,"") | AB25: =IFERROR(((N25-D25)/D25)*100,"") | AC25: =IFERROR(((S25-D25)/D25)*100,"") | AD25: =IFERROR(((X25-D25)/D25)*100,"")
E26: =B26*C26 | J26: =G26*H26 | O26: =L26*M26 | T26: =Q26*R26 | Y26: =V26*W26 | AA26: =IFERROR(((I26-D26)/D26)*100,"") | AB26: =IFERROR(((N26-D26)/D26)*100,"") | AC26: =IFERROR(((S26-D26)/D26)*100,"") | AD26: =IFERROR(((X26-D26)/D26)*100,"")
E27: =B27*C27 | J27: =G27*H27 | O27: =L27*M27 | T27: =Q27*R27 | Y27: =V27*W27 | AA27: =IFERROR(((I27-D27)/D27)*100,"") | AB27: =IFERROR(((N27-D27)/D27)*100,"") | AC27: =IFERROR(((S27-D27)/D27)*100,"") | AD27: =IFERROR(((X27-D27)/D27)*100,"")
E28: =B28*C28 | J28: =G28*H28 | O28: =L28*M28 | T28: =Q28*R28 | Y28: =V28*W28 | AA28: =IFERROR(((I28-D28)/D28)*100,"") | AB28: =IFERROR(((N28-D28)/D28)*100,"") | AC28: =IFERROR(((S28-D28)/D28)*100,"") | AD28: =IFERROR(((X28-D28)/D28)*100,"")
E29: =B29*C29 | J29: =G29*H29 | O29: =L29*M29 | T29: =Q29*R29 | Y29: =V29*W29 | AA29: =IFERROR(((I29-D29)/D29)*100,"") | AB29: =IFERROR(((N29-D29)/D29)*100,"") | AC29: =IFERROR(((S29-D29)/D29)*100,"") | AD29: =IFERROR(((X29-D29)/D29)*100,"")
E30: =B30*C30 | J30: =G30*H30 | O30: =L30*M30 | T30: =Q30*R30 | Y30: =V30*W30 | AA30: =IFERROR(((I30-D30)/D30)*100,"") | AB30: =IFERROR(((N30-D30)/D30)*100,"") | AC30: =IFERROR(((S30-D30)/D30)*100,"") | AD30: =IFERROR(((X30-D30)/D30)*100,"")
E31: =B31*C31 | J31: =G31*H31 | O31: =L31*M31 | T31: =Q31*R31 | Y31: =V31*W31 | AA31: =IFERROR(((I31-D31)/D31)*100,"") | AB31: =IFERROR(((N31-D31)/D31)*100,"") | AC31: =IFERROR(((S31-D31)/D31)*100,"") | AD31: =IFERROR(((X31-D31)/D31)*100,"")
E32: =B32*C32 | J32: =G32*H32 | O32: =L32*M32 | T32: =Q32*R32 | Y32: =V32*W32 | AA32: =IFERROR(((I32-D32)/D32)*100,"") | AB32: =IFERROR(((N32-D32)/D32)*100,"") | AC32: =IFERROR(((S32-D32)/D32)*100,"") | AD32: =IFERROR(((X32-D32)/D32)*100,"")
E33: =B33*C33 | J33: =G33*H33 | O33: =L33*M33 | T33: =Q33*R33 | Y33: =V33*W33 | AA33: =IFERROR(((I33-D33)/D33)*100,"") | AB33: =IFERROR(((N33-D33)/D33)*100,"") | AC33: =IFERROR(((S33-D33)/D33)*100,"") | AD33: =IFERROR(((X33-D33)/D33)*100,"")
E34: =B34*C34 | J34: =G34*H34 | O34: =L34*M34 | T34: =Q34*R34 | Y34: =V34*W34 | AA34: =IFERROR(((I34-D34)/D34)*100,"") | AB34: =IFERROR(((N34-D34)/D34)*100,"") | AC34: =IFERROR(((S34-D34)/D34)*100,"") | AD34: =IFERROR(((X34-D34)/D34)*100,"") | AM34: =AG34*AG33 | AN34: =AH34*AH33 | AO34: =AJ34*AJ33 | AP34: =AK34*AK33 | AQ34: =AL34*AL33
E35: PR | J35: PR | O35: PR | T35: PR | AC35: PR-M | AD35: =IFERROR(AVERAGE(G35,L35,Q35,V35),"")
E36: =SUM(E23:E34) | J36: =SUM(J23:J34) | O36: =SUM(O23:O34) | T36: =SUM(T23:T34) | Y36: =SUM(Y23:Y34)
L37: Son | M37: Estr | N37: Fad | O37: Dor | Q37: Média | T37: Teste de potência
A38: QUARTA-FEIRA | C38: DATA | Q38: =IFERROR(AVERAGE(L38:O38),"") | S38: =Q38
A39: Exercícios | B39: série 1 | G39: série 2 | L39: série 3 | Q39: série 4 | V39: série 5 | AA39: VEL (2x1) | AB39: VEL (3x1) | AC39: VEL (4x1) | AD39: VEL (5x1) | AG39: VTT-SESSÃO | AJ39: CARGA DE TREINO (U.A)
B40: nº reps | C40: peso(kg) | D40: veloc(s) | E40: VTT (sér) | G40: nº reps | H40: peso(kg) | I40: veloc(s) | J40: VTT (sér) | L40: nº reps | M40: peso(kg) | N40: veloc(s) | O40: VTT (sér) | Q40: nº reps | R40: peso(kg) | S40: veloc(s) | T40: VTT (sér) | V40: nº reps | W40: peso(kg) | X40: veloc(s) | Y40: VTT (sér) | AG40: =SUM(E54+J54+O54+T54+Y54) | AJ40: =AE41*AG43
A41: Mobilide | E41: =B41*C41 | J41: =G41*H41 | O41: =L41*M41 | T41: =Q41*R41 | Y41: =V41*W41 | AA41: =IFERROR(((I41-D41)/D41)*100,"") | AB41: =IFERROR(((N41-D41)/D41)*100,"") | AC41: =IFERROR(((S41-D41)/D41)*100,"") | AD41: =IFERROR(((X41-D41)/D41)*100,"")
E42: =B42*C42 | J42: =G42*H42 | O42: =L42*M42 | T42: =Q42*R42 | Y42: =V42*W42 | AA42: =IFERROR(((I42-D42)/D42)*100,"") | AB42: =IFERROR(((N42-D42)/D42)*100,"") | AC42: =IFERROR(((S42-D42)/D42)*100,"") | AD42: =IFERROR(((X42-D42)/D42)*100,"") | AG42: Tempo total sessão (min)
E43: =B43*C43 | J43: =G43*H43 | O43: =L43*M43 | T43: =Q43*R43 | Y43: =V43*W43 | AA43: =IFERROR(((I43-D43)/D43)*100,"") | AB43: =IFERROR(((N43-D43)/D43)*100,"") | AC43: =IFERROR(((S43-D43)/D43)*100,"") | AD43: =IFERROR(((X43-D43)/D43)*100,"")
E44: =B44*C44 | J44: =G44*H44 | O44: =L44*M44 | T44: =Q44*R44 | Y44: =V44*W44 | AA44: =IFERROR(((I44-D44)/D44)*100,"") | AB44: =IFERROR(((N44-D44)/D44)*100,"") | AC44: =IFERROR(((S44-D44)/D44)*100,"") | AD44: =IFERROR(((X44-D44)/D44)*100,"")
E45: =B45*C45 | J45: =G45*H45 | O45: =L45*M45 | T45: =Q45*R45 | Y45: =V45*W45 | AA45: =IFERROR(((I45-D45)/D45)*100,"") | AB45: =IFERROR(((N45-D45)/D45)*100,"") | AC45: =IFERROR(((S45-D45)/D45)*100,"") | AD45: =IFERROR(((X45-D45)/D45)*100,"")
E46: =B46*C46 | J46: =G46*H46 | O46: =L46*M46 | T46: =Q46*R46 | Y46: =V46*W46 | AA46: =IFERROR(((I46-D46)/D46)*100,"") | AB46: =IFERROR(((N46-D46)/D46)*100,"") | AC46: =IFERROR(((S46-D46)/D46)*100,"") | AD46: =IFERROR(((X46-D46)/D46)*100,"")
E47: =B47*C47 | J47: =G47*H47 | O47: =L47*M47 | T47: =Q47*R47 | Y47: =V47*W47 | AA47: =IFERROR(((I47-D47)/D47)*100,"") | AB47: =IFERROR(((N47-D47)/D47)*100,"") | AC47: =IFERROR(((S47-D47)/D47)*100,"") | AD47: =IFERROR(((X47-D47)/D47)*100,"")
E48: =B48*C48 | J48: =G48*H48 | O48: =L48*M48 | T48: =Q48*R48 | Y48: =V48*W48 | AA48: =IFERROR(((I48-D48)/D48)*100,"") | AB48: =IFERROR(((N48-D48)/D48)*100,"") | AC48: =IFERROR(((S48-D48)/D48)*100,"") | AD48: =IFERROR(((X48-D48)/D48)*100,"")
E49: =B49*C49 | J49: =G49*H49 | O49: =L49*M49 | T49: =Q49*R49 | Y49: =V49*W49 | AA49: =IFERROR(((I49-D49)/D49)*100,"") | AB49: =IFERROR(((N49-D49)/D49)*100,"") | AC49: =IFERROR(((S49-D49)/D49)*100,"") | AD49: =IFERROR(((X49-D49)/D49)*100,"")
E50: =B50*C50 | J50: =G50*H50 | O50: =L50*M50 | T50: =Q50*R50 | Y50: =V50*W50 | AA50: =IFERROR(((I50-D50)/D50)*100,"") | AB50: =IFERROR(((N50-D50)/D50)*100,"") | AC50: =IFERROR(((S50-D50)/D50)*100,"") | AD50: =IFERROR(((X50-D50)/D50)*100,"")
E51: =B51*C51 | J51: =G51*H51 | O51: =L51*M51 | T51: =Q51*R51 | Y51: =V51*W51 | AA51: =IFERROR(((I51-D51)/D51)*100,"") | AB51: =IFERROR(((N51-D51)/D51)*100,"") | AC51: =IFERROR(((S51-D51)/D51)*100,"") | AD51: =IFERROR(((X51-D51)/D51)*100,"")
E52: =B52*C52 | J52: =G52*H52 | O52: =L52*M52 | T52: =Q52*R52 | Y52: =V52*W52 | AA52: =IFERROR(((I52-D52)/D52)*100,"") | AB52: =IFERROR(((N52-D52)/D52)*100,"") | AC52: =IFERROR(((S52-D52)/D52)*100,"") | AD52: =IFERROR(((X52-D52)/D52)*100,"") | AM52: =AG52*AG51 | AN52: =AH52*AH51 | AO52: =AJ52*AJ51 | AP52: =AK52*AK51 | AQ52: =AL52*AL51
E53: PR | J53: PR | O53: PR | T53: PR | AC53: PR-M | AD53: =IFERROR(AVERAGE(G53,L53,Q53,V53),"")
E54: =SUM(E41:E52) | J54: =SUM(J41:J52) | O54: =SUM(O41:O52) | T54: =SUM(T41:T52) | Y54: =SUM(Y41:Y52)
L55: Son | M55: Estr | N55: Fad | O55: Dor | Q55: Média | T55: Teste de potência
A56: QUINTA-FEIRA | C56: DATA | Q56: =IFERROR(AVERAGE(L56:O56),"") | S56: =Q56
A57: Exercícios | B57: série 1 | G57: série 2 | L57: série 3 | Q57: série 4 | V57: série 5 | AA57: VEL (2x1) | AB57: VEL (3x1) | AC57: VEL (4x1) | AD57: VEL (5x1) | AG57: VTT-SESSÃO | AJ57: CARGA DE TREINO (U.A)
B58: nº reps | C58: peso(kg) | D58: veloc(s) | E58: VTT (sér) | G58: nº reps | H58: peso(kg) | I58: veloc(s) | J58: VTT (sér) | L58: nº reps | M58: peso(kg) | N58: veloc(s) | O58: VTT (sér) | Q58: nº reps | R58: peso(kg) | S58: veloc(s) | T58: VTT (sér) | V58: nº reps | W58: peso(kg) | X58: veloc(s) | Y58: VTT (sér) | AG58: =SUM(E72+J72+O72+T72+Y72) | AJ58: =AE59*AG61
A59: Mobilidade | E59: =B59*C59 | J59: =G59*H59 | O59: =L59*M59 | T59: =Q59*R59 | Y59: =V59*W59 | AA59: =IFERROR(((I59-D59)/D59)*100,"") | AB59: =IFERROR(((N59-D59)/D59)*100,"") | AC59: =IFERROR(((S59-D59)/D59)*100,"") | AD59: =IFERROR(((X59-D59)/D59)*100,"")
E60: =B60*C60 | J60: =G60*H60 | O60: =L60*M60 | T60: =Q60*R60 | Y60: =V60*W60 | AA60: =IFERROR(((I60-D60)/D60)*100,"") | AB60: =IFERROR(((N60-D60)/D60)*100,"") | AC60: =IFERROR(((S60-D60)/D60)*100,"") | AD60: =IFERROR(((X60-D60)/D60)*100,"") | AG60: Tempo total sessão (min)
E61: =B61*C61 | J61: =G61*H61 | O61: =L61*M61 | T61: =Q61*R61 | Y61: =V61*W61 | AA61: =IFERROR(((I61-D61)/D61)*100,"") | AB61: =IFERROR(((N61-D61)/D61)*100,"") | AC61: =IFERROR(((S61-D61)/D61)*100,"") | AD61: =IFERROR(((X61-D61)/D61)*100,"")
E62: =B62*C62 | J62: =G62*H62 | O62: =L62*M62 | T62: =Q62*R62 | Y62: =V62*W62 | AA62: =IFERROR(((I62-D62)/D62)*100,"") | AB62: =IFERROR(((N62-D62)/D62)*100,"") | AC62: =IFERROR(((S62-D62)/D62)*100,"") | AD62: =IFERROR(((X62-D62)/D62)*100,"")
E63: =B63*C63 | J63: =G63*H63 | O63: =L63*M63 | T63: =Q63*R63 | Y63: =V63*W63 | AA63: =IFERROR(((I63-D63)/D63)*100,"") | AB63: =IFERROR(((N63-D63)/D63)*100,"") | AC63: =IFERROR(((S63-D63)/D63)*100,"") | AD63: =IFERROR(((X63-D63)/D63)*100,"")
E64: =B64*C64 | J64: =G64*H64 | O64: =L64*M64 | T64: =Q64*R64 | Y64: =V64*W64 | AA64: =IFERROR(((I64-D64)/D64)*100,"") | AB64: =IFERROR(((N64-D64)/D64)*100,"") | AC64: =IFERROR(((S64-D64)/D64)*100,"") | AD64: =IFERROR(((X64-D64)/D64)*100,"")
E65: =B65*C65 | J65: =G65*H65 | O65: =L65*M65 | T65: =Q65*R65 | Y65: =V65*W65 | AA65: =IFERROR(((I65-D65)/D65)*100,"") | AB65: =IFERROR(((N65-D65)/D65)*100,"") | AC65: =IFERROR(((S65-D65)/D65)*100,"") | AD65: =IFERROR(((X65-D65)/D65)*100,"")
E66: =B66*C66 | J66: =G66*H66 | O66: =L66*M66 | T66: =Q66*R66 | Y66: =V66*W66 | AA66: =IFERROR(((I66-D66)/D66)*100,"") | AB66: =IFERROR(((N66-D66)/D66)*100,"") | AC66: =IFERROR(((S66-D66)/D66)*100,"") | AD66: =IFERROR(((X66-D66)/D66)*100,"")
E67: =B67*C67 | J67: =G67*H67 | O67: =L67*M67 | T67: =Q67*R67 | Y67: =V67*W67 | AA67: =IFERROR(((I67-D67)/D67)*100,"") | AB67: =IFERROR(((N67-D67)/D67)*100,"") | AC67: =IFERROR(((S67-D67)/D67)*100,"") | AD67: =IFERROR(((X67-D67)/D67)*100,"")
E68: =B68*C68 | J68: =G68*H68 | O68: =L68*M68 | T68: =Q68*R68 | Y68: =V68*W68 | AA68: =IFERROR(((I68-D68)/D68)*100,"") | AB68: =IFERROR(((N68-D68)/D68)*100,"") | AC68: =IFERROR(((S68-D68)/D68)*100,"") | AD68: =IFERROR(((X68-D68)/D68)*100,"")
E69: =B69*C69 | J69: =G69*H69 | O69: =L69*M69 | T69: =Q69*R69 | Y69: =V69*W69 | AA69: =IFERROR(((I69-D69)/D69)*100,"") | AB69: =IFERROR(((N69-D69)/D69)*100,"") | AC69: =IFERROR(((S69-D69)/D69)*100,"") | AD69: =IFERROR(((X69-D69)/D69)*100,"")
E70: =B70*C70 | J70: =G70*H70 | O70: =L70*M70 | T70: =Q70*R70 | Y70: =V70*W70 | AA70: =IFERROR(((I70-D70)/D70)*100,"") | AB70: =IFERROR(((N70-D70)/D70)*100,"") | AC70: =IFERROR(((S70-D70)/D70)*100,"") | AD70: =IFERROR(((X70-D70)/D70)*100,"") | AM70: =AG70*AG69 | AN70: =AH70*AH69 | AO70: =AJ70*AJ69 | AP70: =AK70*AK69 | AQ70: =AL70*AL69
E71: PR | J71: PR | O71: PR | T71: PR | AC71: PR-M | AD71: =IFERROR(AVERAGE(G71,L71,Q71,V71),"")
E72: =SUM(E59:E70) | J72: =SUM(J59:J70) | O72: =SUM(O59:O70) | T72: =SUM(T59:T70) | Y72: =SUM(Y59:Y70)
L73: Son | M73: Estr | N73: Fad | O73: Dor | Q73: Média | T73: Teste de potência
A74: SEXTA-FEIRA | C74: DATA | Q74: =IFERROR(AVERAGE(L74:O74),"") | S74: =Q74
A75: Exercícios | B75: série 1 | G75: série 2 | L75: série 3 | Q75: série 4 | V75: série 5 | AA75: VEL (2x1) | AB75: VEL (3x1) | AC75: VEL (4x1) | AD75: VEL (5x1) | AG75: VTT-SESSÃO | AJ75: CARGA DE TREINO (U.A)
B76: nº reps | C76: peso(kg) | D76: veloc(s) | E76: VTT (sér) | G76: nº reps | H76: peso(kg) | I76: veloc(s) | J76: VTT (sér) | L76: nº reps | M76: peso(kg) | N76: veloc(s) | O76: VTT (sér) | Q76: nº reps | R76: peso(kg) | S76: veloc(s) | T76: VTT (sér) | V76: nº reps | W76: peso(kg) | X76: veloc(s) | Y76: VTT (sér) | AG76: =SUM(E90+J90+O90+T90+Y90) | AJ76: =AE77*AG79
A77: Mobilidade | E77: =B77*C77 | J77: =G77*H77 | O77: =L77*M77 | T77: =Q77*R77 | Y77: =V77*W77 | AA77: =IFERROR(((I77-D77)/D77)*100,"") | AB77: =IFERROR(((N77-D77)/D77)*100,"") | AC77: =IFERROR(((S77-D77)/D77)*100,"") | AD77: =IFERROR(((X77-D77)/D77)*100,"")
E78: =B78*C78 | J78: =G78*H78 | O78: =L78*M78 | T78: =Q78*R78 | Y78: =V78*W78 | AA78: =IFERROR(((I78-D78)/D78)*100,"") | AB78: =IFERROR(((N78-D78)/D78)*100,"") | AC78: =IFERROR(((S78-D78)/D78)*100,"") | AD78: =IFERROR(((X78-D78)/D78)*100,"") | AG78: Tempo total sessão (min)
E79: =B79*C79 | J79: =G79*H79 | O79: =L79*M79 | T79: =Q79*R79 | Y79: =V79*W79 | AA79: =IFERROR(((I79-D79)/D79)*100,"") | AB79: =IFERROR(((N79-D79)/D79)*100,"") | AC79: =IFERROR(((S79-D79)/D79)*100,"") | AD79: =IFERROR(((X79-D79)/D79)*100,"")
E80: =B80*C80 | J80: =G80*H80 | O80: =L80*M80 | T80: =Q80*R80 | Y80: =V80*W80 | AA80: =IFERROR(((I80-D80)/D80)*100,"") | AB80: =IFERROR(((N80-D80)/D80)*100,"") | AC80: =IFERROR(((S80-D80)/D80)*100,"") | AD80: =IFERROR(((X80-D80)/D80)*100,"")
E81: =B81*C81 | J81: =G81*H81 | O81: =L81*M81 | T81: =Q81*R81 | Y81: =V81*W81 | AA81: =IFERROR(((I81-D81)/D81)*100,"") | AB81: =IFERROR(((N81-D81)/D81)*100,"") | AC81: =IFERROR(((S81-D81)/D81)*100,"") | AD81: =IFERROR(((X81-D81)/D81)*100,"")
E82: =B82*C82 | J82: =G82*H82 | O82: =L82*M82 | T82: =Q82*R82 | Y82: =V82*W82 | AA82: =IFERROR(((I82-D82)/D82)*100,"") | AB82: =IFERROR(((N82-D82)/D82)*100,"") | AC82: =IFERROR(((S82-D82)/D82)*100,"") | AD82: =IFERROR(((X82-D82)/D82)*100,"")
E83: =B83*C83 | J83: =G83*H83 | O83: =L83*M83 | T83: =Q83*R83 | Y83: =V83*W83 | AA83: =IFERROR(((I83-D83)/D83)*100,"") | AB83: =IFERROR(((N83-D83)/D83)*100,"") | AC83: =IFERROR(((S83-D83)/D83)*100,"") | AD83: =IFERROR(((X83-D83)/D83)*100,"")
E84: =B84*C84 | J84: =G84*H84 | O84: =L84*M84 | T84: =Q84*R84 | Y84: =V84*W84 | AA84: =IFERROR(((I84-D84)/D84)*100,"") | AB84: =IFERROR(((N84-D84)/D84)*100,"") | AC84: =IFERROR(((S84-D84)/D84)*100,"") | AD84: =IFERROR(((X84-D84)/D84)*100,"")
E85: =B85*C85 | J85: =G85*H85 | O85: =L85*M85 | T85: =Q85*R85 | Y85: =V85*W85 | AA85: =IFERROR(((I85-D85)/D85)*100,"") | AB85: =IFERROR(((N85-D85)/D85)*100,"") | AC85: =IFERROR(((S85-D85)/D85)*100,"") | AD85: =IFERROR(((X85-D85)/D85)*100,"")
E86: =B86*C86 | J86: =G86*H86 | O86: =L86*M86 | T86: =Q86*R86 | Y86: =V86*W86 | AA86: =IFERROR(((I86-D86)/D86)*100,"") | AB86: =IFERROR(((N86-D86)/D86)*100,"") | AC86: =IFERROR(((S86-D86)/D86)*100,"") | AD86: =IFERROR(((X86-D86)/D86)*100,"")
E87: =B87*C87 | J87: =G87*H87 | O87: =L87*M87 | T87: =Q87*R87 | Y87: =V87*W87 | AA87: =IFERROR(((I87-D87)/D87)*100,"") | AB87: =IFERROR(((N87-D87)/D87)*100,"") | AC87: =IFERROR(((S87-D87)/D87)*100,"") | AD87: =IFERROR(((X87-D87)/D87)*100,"")
E88: =B88*C88 | J88: =G88*H88 | O88: =L88*M88 | T88: =Q88*R88 | Y88: =V88*W88 | AA88: =IFERROR(((I88-D88)/D88)*100,"") | AB88: =IFERROR(((N88-D88)/D88)*100,"") | AC88: =IFERROR(((S88-D88)/D88)*100,"") | AD88: =IFERROR(((X88-D88)/D88)*100,"") | AM88: =AG88*AG87 | AN88: =AH88*AH87 | AO88: =AJ88*AJ87 | AP88: =AK88*AK87 | AQ88: =AL88*AL87
E89: PR | J89: PR | O89: PR | T89: PR | AC89: PR-M | AD89: =IFERROR(AVERAGE(G89,L89,Q89,V89),"")
E90: =SUM(E77:E88) | J90: =SUM(J77:J88) | O90: =SUM(O77:O88) | T90: =SUM(T77:T88) | Y90: =SUM(Y77:Y88)
L91: Son | M91: Estr | N91: Fad | O91: Dor | Q91: Média | T91: Teste de potência
A92: SÁBADO | C92: DATA | E92: 45605 | L92: 4 | M92: 5 | N92: 4 | O92: 3 | Q92: =IFERROR(AVERAGE(L92:O92),"") | S92: =Q92
A93: Exercícios | B93: série 1 | G93: série 2 | L93: série 3 | Q93: série 4 | V93: série 5 | AA93: VEL (2x1) | AB93: VEL (3x1) | AC93: VEL (4x1) | AD93: VEL (5x1) | AG93: VTT-SESSÃO | AJ93: CARGA DE TREINO (U.A)
B94: nº reps | C94: peso(kg) | D94: veloc(s) | E94: VTT (sér) | G94: nº reps | H94: peso(kg) | I94: veloc(s) | J94: VTT (sér) | L94: nº reps | M94: peso(kg) | N94: veloc(s) | O94: VTT (sér) | Q94: nº reps | R94: peso(kg) | S94: veloc(s) | T94: VTT (sér) | V94: nº reps | W94: peso(kg) | X94: veloc(s) | Y94: VTT (sér) | AG94: =SUM(E108+J108+O108+T108+Y108) | AJ94: =AE95*AG97
A95: Agachamento Livre | B95: 10 | C95: 80 | D95: 2 | E95: =B95*C95 | G95: 10 | H95: 80 | I95: 2 | J95: =G95*H95 | L95: 10 | M95: 80 | N95: 2 | O95: =L95*M95 | Q95: 10 | R95: 80 | S95: 2 | T95: =Q95*R95 | Y95: =V95*W95 | AA95: =IFERROR(((I95-D95)/D95)*100,"") | AB95: =IFERROR(((N95-D95)/D95)*100,"") | AC95: =IFERROR(((S95-D95)/D95)*100,"") | AD95: =IFERROR(((X95-D95)/D95)*100,"") | AE95: 8
A96: Supino Reto | B96: 10 | C96: 60 | D96: 2 | E96: =B96*C96 | G96: 10 | H96: 60 | I96: 2 | J96: =G96*H96 | L96: 10 | M96: 60 | N96: 2 | O96: =L96*M96 | T96: =Q96*R96 | Y96: =V96*W96 | AA96: =IFERROR(((I96-D96)/D96)*100,"") | AB96: =IFERROR(((N96-D96)/D96)*100,"") | AC96: =IFERROR(((S96-D96)/D96)*100,"") | AD96: =IFERROR(((X96-D96)/D96)*100,"") | AG96: Tempo total sessão (min)
A97: Agachamento Hack | E97: =B97*C97 | J97: =G97*H97 | O97: =L97*M97 | T97: =Q97*R97 | Y97: =V97*W97 | AA97: =IFERROR(((I97-D97)/D97)*100,"") | AB97: =IFERROR(((N97-D97)/D97)*100,"") | AC97: =IFERROR(((S97-D97)/D97)*100,"") | AD97: =IFERROR(((X97-D97)/D97)*100,"") | AG97: 60
A98: Leg Press | E98: =B98*C98 | J98: =G98*H98 | O98: =L98*M98 | T98: =Q98*R98 | Y98: =V98*W98 | AA98: =IFERROR(((I98-D98)/D98)*100,"") | AB98: =IFERROR(((N98-D98)/D98)*100,"") | AC98: =IFERROR(((S98-D98)/D98)*100,"") | AD98: =IFERROR(((X98-D98)/D98)*100,"")
A99: Panturrilha em Pé | E99: =B99*C99 | J99: =G99*H99 | O99: =L99*M99 | T99: =Q99*R99 | Y99: =V99*W99 | AA99: =IFERROR(((I99-D99)/D99)*100,"") | AB99: =IFERROR(((N99-D99)/D99)*100,"") | AC99: =IFERROR(((S99-D99)/D99)*100,"") | AD99: =IFERROR(((X99-D99)/D99)*100,"")
A100: Cadeira Extensora | E100: =B100*C100 | J100: =G100*H100 | O100: =L100*M100 | T100: =Q100*R100 | Y100: =V100*W100 | AA100: =IFERROR(((I100-D100)/D100)*100,"") | AB100: =IFERROR(((N100-D100)/D100)*100,"") | AC100: =IFERROR(((S100-D100)/D100)*100,"") | AD100: =IFERROR(((X100-D100)/D100)*100,"")
...

Sheet SEM 2
A1: SEMANA 2 | L1: Son | M1: Estr | N1: Fad | O1: Dor | Q1: Média | T1: Teste de potência
A2: SEGUNDA-FEIRA | C2: DATA | Q2: =IFERROR(AVERAGE(L2:O2),"") | S2: =Q2
A3: Exercícios | B3: série 1 | G3: série 2 | L3: série 3 | Q3: série 4 | V3: série 5 | AA3: VEL (2x1) | AB3: VEL (3x1) | AC3: VEL (4x1) | AD3: VEL (5x1) | AG3: VTT-SESSÃO | AJ3: CARGA DE TREINO (U.A)
B4: nº reps | C4: peso(kg) | D4: veloc(s) | E4: VTT (sér) | G4: nº reps | H4: peso(kg) | I4: veloc(s) | J4: VTT (sér) | L4: nº reps | M4: peso(kg) | N4: veloc(s) | O4: VTT (sér) | Q4: nº reps | R4: peso(kg) | S4: veloc(s) | T4: VTT (sér) | V4: nº reps | W4: peso(kg) | X4: veloc(s) | Y4: VTT (sér) | AG4: =SUM(E18+J18+O18+T18+Y18) | AJ4: =AE5*AG7
E5: =B5*C5 | J5: =G5*H5 | O5: =L5*M5 | T5: =Q5*R5 | Y5: =V5*W5 | AA5: =IFERROR(((I5-D5)/D5)*100,"") | AB5: =IFERROR(((N5-D5)/D5)*100,"") | AC5: =IFERROR(((S5-D5)/D5)*100,"") | AD5: =IFERROR(((X5-D5)/D5)*100,"")
A6: Cadeira Abdutora 90° | E6: =B6*C6 | J6: =G6*H6 | O6: =L6*M6 | T6: =Q6*R6 | Y6: =V6*W6 | AA6: =IFERROR(((I6-D6)/D6)*100,"") | AB6: =IFERROR(((N6-D6)/D6)*100,"") | AC6: =IFERROR(((S6-D6)/D6)*100,"") | AD6: =IFERROR(((X6-D6)/D6)*100,"") | AG6: Tempo total sessão (min)
A7: Elevação Pélvica (livre/máq) | E7: =B7*C7 | J7: =G7*H7 | O7: =L7*M7 | T7: =Q7*R7 | Y7: =V7*W7 | AA7: =IFERROR(((I7-D7)/D7)*100,"") | AB7: =IFERROR(((N7-D7)/D7)*100,"") | AC7: =IFERROR(((S7-D7)/D7)*100,"") | AD7: =IFERROR(((X7-D7)/D7)*100,"")
A8: Afundo no Smith | E8: =B8*C8 | J8: =G8*H8 | O8: =L8*M8 | T8: =Q8*R8 | Y8: =V8*W8 | AA8: =IFERROR(((I8-D8)/D8)*100,"") | AB8: =IFERROR(((N8-D8)/D8)*100,"") | AC8: =IFERROR(((S8-D8)/D8)*100,"") | AD8: =IFERROR(((X8-D8)/D8)*100,"")
A9: Agachamento Livre | E9: =B9*C9 | J9: =G9*H9 | O9: =L9*M9 | T9: =Q9*R9 | Y9: =V9*W9 | AA9: =IFERROR(((I9-D9)/D9)*100,"") | AB9: =IFERROR(((N9-D9)/D9)*100,"") | AC9: =IFERROR(((S9-D9)/D9)*100,"") | AD9: =IFERROR(((X9-D9)/D9)*100,"")
A10: Leg Press 45° | E10: =B10*C10 | J10: =G10*H10 | O10: =L10*M10 | T10: =Q10*R10 | Y10: =V10*W10 | AA10: =IFERROR(((I10-D10)/D10)*100,"") | AB10: =IFERROR(((N10-D10)/D10)*100,"") | AC10: =IFERROR(((S10-D10)/D10)*100,"") | AD10: =IFERROR(((X10-D10)/D10)*100,"")
A11: Cadeira Extensora | E11: =B11*C11 | J11: =G11*H11 | O11: =L11*M11 | T11: =Q11*R11 | Y11: =V11*W11 | AA11: =IFERROR(((I11-D11)/D11)*100,"") | AB11: =IFERROR(((N11-D11)/D11)*100,"") | AC11: =IFERROR(((S11-D11)/D11)*100,"") | AD11: =IFERROR(((X11-D11)/D11)*100,"")
A12: Gêmeos Sentado | E12: =B12*C12 | J12: =G12*H12 | O12: =L12*M12 | T12: =Q12*R12 | Y12: =V12*W12 | AA12: =IFERROR(((I12-D12)/D12)*100,"") | AB12: =IFERROR(((N12-D12)/D12)*100,"") | AC12: =IFERROR(((S12-D12)/D12)*100,"") | AD12: =IFERROR(((X12-D12)/D12)*100,"")
A13: Gêmeos Máquina em Pé | E13: =B13*C13 | J13: =G13*H13 | O13: =L13*M13 | T13: =Q13*R13 | Y13: =V13*W13 | AA13: =IFERROR(((I13-D13)/D13)*100,"") | AB13: =IFERROR(((N13-D13)/D13)*100,"") | AC13: =IFERROR(((S13-D13)/D13)*100,"") | AD13: =IFERROR(((X13-D13)/D13)*100,"")
E14: =B14*C14 | J14: =G14*H14 | O14: =L14*M14 | T14: =Q14*R14 | Y14: =V14*W14 | AA14: =IFERROR(((I14-D14)/D14)*100,"") | AB14: =IFERROR(((N14-D14)/D14)*100,"") | AC14: =IFERROR(((S14-D14)/D14)*100,"") | AD14: =IFERROR(((X14-D14)/D14)*100,"")
E15: =B15*C15 | J15: =G15*H15 | O15: =L15*M15 | T15: =Q15*R15 | Y15: =V15*W15 | AA15: =IFERROR(((I15-D15)/D15)*100,"") | AB15: =IFERROR(((N15-D15)/D15)*100,"") | AC15: =IFERROR(((S15-D15)/D15)*100,"") | AD15: =IFERROR(((X15-D15)/D15)*100,"")
E16: =B16*C16 | J16: =G16*H16 | O16: =L16*M16 | T16: =Q16*R16 | Y16: =V16*W16 | AA16: =IFERROR(((I16-D16)/D16)*100,"") | AB16: =IFERROR(((N16-D16)/D16)*100,"") | AC16: =IFERROR(((S16-D16)/D16)*100,"") | AD16: =IFERROR(((X16-D16)/D16)*100,"") | AN16: =AH16*AH15 | AO16: =AJ16*AJ15 | AP16: =AK16*AK15 | AQ16: =AL16*AL15
E17: PR | J17: PR | O17: PR | T17: PR | AC17: PR-M | AD17: =IFERROR(AVERAGE(G17,L17,Q17,V17),"")
E18: =SUM(E5:E16) | J18: =SUM(J5:J16) | O18: =SUM(O5:O16) | T18: =SUM(T5:T16) | Y18: =SUM(Y5:Y16)
L19: Son | M19: Estr | N19: Fad | O19: Dor | Q19: Média | T19: Teste de potência
A20: TERÇA-FEIRA | C20: DATA | Q20: =IFERROR(AVERAGE(L20:O20),"") | S20: =Q20
A21: Exercícios | B21: série 1 | G21: série 2 | L21: série 3 | Q21: série 4 | V21: série 5 | AA21: VEL (2x1) | AB21: VEL (3x1) | AC21: VEL (4x1) | AD21: VEL (5x1) | AG21: VTT-SESSÃO | AJ21: CARGA DE TREINO (U.A)
B22: nº reps | C22: peso(kg) | D22: veloc(s) | E22: VTT (sér) | G22: nº reps | H22: peso(kg) | I22: veloc(s) | J22: VTT (sér) | L22: nº reps | M22: peso(kg) | N22: veloc(s) | O22: VTT (sér) | Q22: nº reps | R22: peso(kg) | S22: veloc(s) | T22: VTT (sér) | V22: nº reps | W22: peso(kg) | X22: veloc(s) | Y22: VTT (sér) | AG22: =SUM(E36+J36+O36+T36+Y36) | AJ22: =AE23*AG25
E23: =B23*C23 | J23: =G23*H23 | O23: =L23*M23 | T23: =Q23*R23 | Y23: =V23*W23 | AA23: =IFERROR(((I23-D23)/D23)*100,"") | AB23: =IFERROR(((N23-D23)/D23)*100,"") | AC23: =IFERROR(((S23-D23)/D23)*100,"") | AD23: =IFERROR(((X23-D23)/D23)*100,"")
A24: Supino Inclinado Smith 30° | E24: =B24*C24 | J24: =G24*H24 | O24: =L24*M24 | T24: =Q24*R24 | Y24: =V24*W24 | AA24: =IFERROR(((I24-D24)/D24)*100,"") | AB24: =IFERROR(((N24-D24)/D24)*100,"") | AC24: =IFERROR(((S24-D24)/D24)*100,"") | AD24: =IFERROR(((X24-D24)/D24)*100,"") | AG24: Tempo total sessão (min)
A25: Fly Inclinado Banco 30° | E25: =B25*C25 | J25: =G25*H25 | O25: =L25*M25 | T25: =Q25*R25 | Y25: =V25*W25 | AA25: =IFERROR(((I25-D25)/D25)*100,"") | AB25: =IFERROR(((N25-D25)/D25)*100,"") | AC25: =IFERROR(((S25-D25)/D25)*100,"") | AD25: =IFERROR(((X25-D25)/D25)*100,"")
A26: Fly Reto | E26: =B26*C26 | J26: =G26*H26 | O26: =L26*M26 | T26: =Q26*R26 | Y26: =V26*W26 | AA26: =IFERROR(((I26-D26)/D26)*100,"") | AB26: =IFERROR(((N26-D26)/D26)*100,"") | AC26: =IFERROR(((S26-D26)/D26)*100,"") | AD26: =IFERROR(((X26-D26)/D26)*100,"")
A27: Cross-over | E27: =B27*C27 | J27: =G27*H27 | O27: =L27*M27 | T27: =Q27*R27 | Y27: =V27*W27 | AA27: =IFERROR(((I27-D27)/D27)*100,"") | AB27: =IFERROR(((N27-D27)/D27)*100,"") | AC27: =IFERROR(((S27-D27)/D27)*100,"") | AD27: =IFERROR(((X27-D27)/D27)*100,"")
A28: Crucifixo em Máquina | E28: =B28*C28 | J28: =G28*H28 | O28: =L28*M28 | T28: =Q28*R28 | Y28: =V28*W28 | AA28: =IFERROR(((I28-D28)/D28)*100,"") | AB28: =IFERROR(((N28-D28)/D28)*100,"") | AC28: =IFERROR(((S28-D28)/D28)*100,"") | AD28: =IFERROR(((X28-D28)/D28)*100,"")
A29: Elevação Frontal Corda | E29: =B29*C29 | J29: =G29*H29 | O29: =L29*M29 | T29: =Q29*R29 | Y29: =V29*W29 | AA29: =IFERROR(((I29-D29)/D29)*100,"") | AB29: =IFERROR(((N29-D29)/D29)*100,"") | AC29: =IFERROR(((S29-D29)/D29)*100,"") | AD29: =IFERROR(((X29-D29)/D29)*100,"")
A30: Flexão Quadril/Coluna Paralelas | E30: =B30*C30 | J30: =G30*H30 | O30: =L30*M30 | T30: =Q30*R30 | Y30: =V30*W30 | AA30: =IFERROR(((I30-D30)/D30)*100,"") | AB30: =IFERROR(((N30-D30)/D30)*100,"") | AC30: =IFERROR(((S30-D30)/D30)*100,"") | AD30: =IFERROR(((X30-D30)/D30)*100,"")
A31: Flexão de Coluna Máquina | E31: =B31*C31 | J31: =G31*H31 | O31: =L31*M31 | T31: =Q31*R31 | Y31: =V31*W31 | AA31: =IFERROR(((I31-D31)/D31)*100,"") | AB31: =IFERROR(((N31-D31)/D31)*100,"") | AC31: =IFERROR(((S31-D31)/D31)*100,"") | AD31: =IFERROR(((X31-D31)/D31)*100,"")
E32: =B32*C32 | J32: =G32*H32 | O32: =L32*M32 | T32: =Q32*R32 | Y32: =V32*W32 | AA32: =IFERROR(((I32-D32)/D32)*100,"") | AB32: =IFERROR(((N32-D32)/D32)*100,"") | AC32: =IFERROR(((S32-D32)/D32)*100,"") | AD32: =IFERROR(((X32-D32)/D32)*100,"")
E33: =B33*C33 | J33: =G33*H33 | O33: =L33*M33 | T33: =Q33*R33 | Y33: =V33*W33 | AA33: =IFERROR(((I33-D33)/D33)*100,"") | AB33: =IFERROR(((N33-D33)/D33)*100,"") | AC33: =IFERROR(((S33-D33)/D33)*100,"") | AD33: =IFERROR(((X33-D33)/D33)*100,"")
E34: =B34*C34 | J34: =G34*H34 | O34: =L34*M34 | T34: =Q34*R34 | Y34: =V34*W34 | AA34: =IFERROR(((I34-D34)/D34)*100,"") | AB34: =IFERROR(((N34-D34)/D34)*100,"") | AC34: =IFERROR(((S34-D34)/D34)*100,"") | AD34: =IFERROR(((X34-D34)/D34)*100,"") | AM34: =AG34*AG33 | AN34: =AH34*AH33 | AO34: =AJ34*AJ33 | AP34: =AK34*AK33 | AQ34: =AL34*AL33
E35: PR | J35: PR | O35: PR | T35: PR | AC35: PR-M | AD35: =IFERROR(AVERAGE(G35,L35,Q35,V35),"")
E36: =SUM(E23:E34) | J36: =SUM(J23:J34) | O36: =SUM(O23:O34) | T36: =SUM(T23:T34) | Y36: =SUM(Y23:Y34)
L37: Son | M37: Estr | N37: Fad | O37: Dor | Q37: Média | T37: Teste de potência
A38: QUARTA-FEIRA | C38: DATA | Q38: =IFERROR(AVERAGE(L38:O38),"") | S38: =Q38
A39: Exercícios | B39: série 1 | G39: série 2 | L39: série 3 | Q39: série 4 | V39: série 5 | AA39: VEL (2x1) | AB39: VEL (3x1) | AC39: VEL (4x1) | AD39: VEL (5x1) | AG39: VTT-SESSÃO | AJ39: CARGA DE TREINO (U.A)
B40: nº reps | C40: peso(kg) | D40: veloc(s) | E40: VTT (sér) | G40: nº reps | H40: peso(kg) | I40: veloc(s) | J40: VTT (sér) | L40: nº reps | M40: peso(kg) | N40: veloc(s) | O40: VTT (sér) | Q40: nº reps | R40: peso(kg) | S40: veloc(s) | T40: VTT (sér) | V40: nº reps | W40: peso(kg) | X40: veloc(s) | Y40: VTT (sér) | AG40: =SUM(E54+J54+O54+T54+Y54) | AJ40: =AE41*AG43
E41: =B41*C41 | J41: =G41*H41 | O41: =L41*M41 | T41: =Q41*R41 | Y41: =V41*W41 | AA41: =IFERROR(((I41-D41)/D41)*100,"") | AB41: =IFERROR(((N41-D41)/D41)*100,"") | AC41: =IFERROR(((S41-D41)/D41)*100,"") | AD41: =IFERROR(((X41-D41)/D41)*100,"")
A42: Barra Fixa Aberta (livre/gravitron) | E42: =B42*C42 | J42: =G42*H42 | O42: =L42*M42 | T42: =Q42*R42 | Y42: =V42*W42 | AA42: =IFERROR(((I42-D42)/D42)*100,"") | AB42: =IFERROR(((N42-D42)/D42)*100,"") | AC42: =IFERROR(((S42-D42)/D42)*100,"") | AD42: =IFERROR(((X42-D42)/D42)*100,"") | AG42: Tempo total sessão (min)
A43: Pulley Frente Aberto | E43: =B43*C43 | J43: =G43*H43 | O43: =L43*M43 | T43: =Q43*R43 | Y43: =V43*W43 | AA43: =IFERROR(((I43-D43)/D43)*100,"") | AB43: =IFERROR(((N43-D43)/D43)*100,"") | AC43: =IFERROR(((S43-D43)/D43)*100,"") | AD43: =IFERROR(((X43-D43)/D43)*100,"")
A44: Remada Cavalinho Fechada | E44: =B44*C44 | J44: =G44*H44 | O44: =L44*M44 | T44: =Q44*R44 | Y44: =V44*W44 | AA44: =IFERROR(((I44-D44)/D44)*100,"") | AB44: =IFERROR(((N44-D44)/D44)*100,"") | AC44: =IFERROR(((S44-D44)/D44)*100,"") | AD44: =IFERROR(((X44-D44)/D44)*100,"")
A45: Remada Máquina Pegada Neutra | E45: =B45*C45 | J45: =G45*H45 | O45: =L45*M45 | T45: =Q45*R45 | Y45: =V45*W45 | AA45: =IFERROR(((I45-D45)/D45)*100,"") | AB45: =IFERROR(((N45-D45)/D45)*100,"") | AC45: =IFERROR(((S45-D45)/D45)*100,"") | AD45: =IFERROR(((X45-D45)/D45)*100,"")
A46: Remada Curvada Aberta | E46: =B46*C46 | J46: =G46*H46 | O46: =L46*M46 | T46: =Q46*R46 | Y46: =V46*W46 | AA46: =IFERROR(((I46-D46)/D46)*100,"") | AB46: =IFERROR(((N46-D46)/D46)*100,"") | AC46: =IFERROR(((S46-D46)/D46)*100,"") | AD46: =IFERROR(((X46-D46)/D46)*100,"")
A47: Crucifixo Inverso Máquina | E47: =B47*C47 | J47: =G47*H47 | O47: =L47*M47 | T47: =Q47*R47 | Y47: =V47*W47 | AA47: =IFERROR(((I47-D47)/D47)*100,"") | AB47: =IFERROR(((N47-D47)/D47)*100,"") | AC47: =IFERROR(((S47-D47)/D47)*100,"") | AD47: =IFERROR(((X47-D47)/D47)*100,"")
A48: Extensão Coluna Banco Eretor | E48: =B48*C48 | J48: =G48*H48 | O48: =L48*M48 | T48: =Q48*R48 | Y48: =V48*W48 | AA48: =IFERROR(((I48-D48)/D48)*100,"") | AB48: =IFERROR(((N48-D48)/D48)*100,"") | AC48: =IFERROR(((S48-D48)/D48)*100,"") | AD48: =IFERROR(((X48-D48)/D48)*100,"")
E49: =B49*C49 | J49: =G49*H49 | O49: =L49*M49 | T49: =Q49*R49 | Y49: =V49*W49 | AA49: =IFERROR(((I49-D49)/D49)*100,"") | AB49: =IFERROR(((N49-D49)/D49)*100,"") | AC49: =IFERROR(((S49-D49)/D49)*100,"") | AD49: =IFERROR(((X49-D49)/D49)*100,"")
E50: =B50*C50 | J50: =G50*H50 | O50: =L50*M50 | T50: =Q50*R50 | Y50: =V50*W50 | AA50: =IFERROR(((I50-D50)/D50)*100,"") | AB50: =IFERROR(((N50-D50)/D50)*100,"") | AC50: =IFERROR(((S50-D50)/D50)*100,"") | AD50: =IFERROR(((X50-D50)/D50)*100,"")
E51: =B51*C51 | J51: =G51*H51 | O51: =L51*M51 | T51: =Q51*R51 | Y51: =V51*W51 | AA51: =IFERROR(((I51-D51)/D51)*100,"") | AB51: =IFERROR(((N51-D51)/D51)*100,"") | AC51: =IFERROR(((S51-D51)/D51)*100,"") | AD51: =IFERROR(((X51-D51)/D51)*100,"")
E52: =B52*C52 | J52: =G52*H52 | O52: =L52*M52 | T52: =Q52*R52 | Y52: =V52*W52 | AA52: =IFERROR(((I52-D52)/D52)*100,"") | AB52: =IFERROR(((N52-D52)/D52)*100,"") | AC52: =IFERROR(((S52-D52)/D52)*100,"") | AD52: =IFERROR(((X52-D52)/D52)*100,"") | AM52: =AG52*AG51 | AN52: =AH52*AH51 | AO52: =AJ52*AJ51 | AP52: =AK52*AK51 | AQ52: =AL52*AL51
E53: PR | J53: PR | O53: PR | T53: PR | AC53: PR-M | AD53: =IFERROR(AVERAGE(G53,L53,Q53,V53),"")
E54: =SUM(E41:E52) | J54: =SUM(J41:J52) | O54: =SUM(O41:O52) | T54: =SUM(T41:T52) | Y54: =SUM(Y41:Y52)
L55: Son | M55: Estr | N55: Fad | O55: Dor | Q55: Média | T55: Teste de potência
A56: QUINTA-FEIRA | C56: DATA | Q56: =IFERROR(AVERAGE(L56:O56),"") | S56: =Q56
A57: Exercícios | B57: série 1 | G57: série 2 | L57: série 3 | Q57: série 4 | V57: série 5 | AA57: VEL (2x1) | AB57: VEL (3x1) | AC57: VEL (4x1) | AD57: VEL (5x1) | AG57: VTT-SESSÃO | AJ57: CARGA DE TREINO (U.A)
B58: nº reps | C58: peso(kg) | D58: veloc(s) | E58: VTT (sér) | G58: nº reps | H58: peso(kg) | I58: veloc(s) | J58: VTT (sér) | L58: nº reps | M58: peso(kg) | N58: veloc(s) | O58: VTT (sér) | Q58: nº reps | R58: peso(kg) | S58: veloc(s) | T58: VTT (sér) | V58: nº reps | W58: peso(kg) | X58: veloc(s) | Y58: VTT (sér) | AG58: =SUM(E72+J72+O72+T72+Y72) | AJ58: =AE59*AG61
E59: =B59*C59 | J59: =G59*H59 | O59: =L59*M59 | T59: =Q59*R59 | Y59: =V59*W59 | AA59: =IFERROR(((I59-D59)/D59)*100,"") | AB59: =IFERROR(((N59-D59)/D59)*100,"") | AC59: =IFERROR(((S59-D59)/D59)*100,"") | AD59: =IFERROR(((X59-D59)/D59)*100,"")
A60: Cadeira Abdutora 90° | E60: =B60*C60 | J60: =G60*H60 | O60: =L60*M60 | T60: =Q60*R60 | Y60: =V60*W60 | AA60: =IFERROR(((I60-D60)/D60)*100,"") | AB60: =IFERROR(((N60-D60)/D60)*100,"") | AC60: =IFERROR(((S60-D60)/D60)*100,"") | AD60: =IFERROR(((X60-D60)/D60)*100,"") | AG60: Tempo total sessão (min)
A61: Elevação Pélvica Máquina | E61: =B61*C61 | J61: =G61*H61 | O61: =L61*M61 | T61: =Q61*R61 | Y61: =V61*W61 | AA61: =IFERROR(((I61-D61)/D61)*100,"") | AB61: =IFERROR(((N61-D61)/D61)*100,"") | AC61: =IFERROR(((S61-D61)/D61)*100,"") | AD61: =IFERROR(((X61-D61)/D61)*100,"")
A62: Levantamento Terra | E62: =B62*C62 | J62: =G62*H62 | O62: =L62*M62 | T62: =Q62*R62 | Y62: =V62*W62 | AA62: =IFERROR(((I62-D62)/D62)*100,"") | AB62: =IFERROR(((N62-D62)/D62)*100,"") | AC62: =IFERROR(((S62-D62)/D62)*100,"") | AD62: =IFERROR(((X62-D62)/D62)*100,"")
A63: Stiff c/ Barra | E63: =B63*C63 | J63: =G63*H63 | O63: =L63*M63 | T63: =Q63*R63 | Y63: =V63*W63 | AA63: =IFERROR(((I63-D63)/D63)*100,"") | AB63: =IFERROR(((N63-D63)/D63)*100,"") | AC63: =IFERROR(((S63-D63)/D63)*100,"") | AD63: =IFERROR(((X63-D63)/D63)*100,"")
A64: Mesa Flexora | E64: =B64*C64 | J64: =G64*H64 | O64: =L64*M64 | T64: =Q64*R64 | Y64: =V64*W64 | AA64: =IFERROR(((I64-D64)/D64)*100,"") | AB64: =IFERROR(((N64-D64)/D64)*100,"") | AC64: =IFERROR(((S64-D64)/D64)*100,"") | AD64: =IFERROR(((X64-D64)/D64)*100,"")
A65: Cadeira Flexora | E65: =B65*C65 | J65: =G65*H65 | O65: =L65*M65 | T65: =Q65*R65 | Y65: =V65*W65 | AA65: =IFERROR(((I65-D65)/D65)*100,"") | AB65: =IFERROR(((N65-D65)/D65)*100,"") | AC65: =IFERROR(((S65-D65)/D65)*100,"") | AD65: =IFERROR(((X65-D65)/D65)*100,"")
A66: Gêmeos Sentado | E66: =B66*C66 | J66: =G66*H66 | O66: =L66*M66 | T66: =Q66*R66 | Y66: =V66*W66 | AA66: =IFERROR(((I66-D66)/D66)*100,"") | AB66: =IFERROR(((N66-D66)/D66)*100,"") | AC66: =IFERROR(((S66-D66)/D66)*100,"") | AD66: =IFERROR(((X66-D66)/D66)*100,"")
A67: Gêmeos Máquina em Pé | E67: =B67*C67 | J67: =G67*H67 | O67: =L67*M67 | T67: =Q67*R67 | Y67: =V67*W67 | AA67: =IFERROR(((I67-D67)/D67)*100,"") | AB67: =IFERROR(((N67-D67)/D67)*100,"") | AC67: =IFERROR(((S67-D67)/D67)*100,"") | AD67: =IFERROR(((X67-D67)/D67)*100,"")
E68: =B68*C68 | J68: =G68*H68 | O68: =L68*M68 | T68: =Q68*R68 | Y68: =V68*W68 | AA68: =IFERROR(((I68-D68)/D68)*100,"") | AB68: =IFERROR(((N68-D68)/D68)*100,"") | AC68: =IFERROR(((S68-D68)/D68)*100,"") | AD68: =IFERROR(((X68-D68)/D68)*100,"")
E69: =B69*C69 | J69: =G69*H69 | O69: =L69*M69 | T69: =Q69*R69 | Y69: =V69*W69 | AA69: =IFERROR(((I69-D69)/D69)*100,"") | AB69: =IFERROR(((N69-D69)/D69)*100,"") | AC69: =IFERROR(((S69-D69)/D69)*100,"") | AD69: =IFERROR(((X69-D69)/D69)*100,"")
E70: =B70*C70 | J70: =G70*H70 | O70: =L70*M70 | T70: =Q70*R70 | Y70: =V70*W70 | AA70: =IFERROR(((I70-D70)/D70)*100,"") | AB70: =IFERROR(((N70-D70)/D70)*100,"") | AC70: =IFERROR(((S70-D70)/D70)*100,"") | AD70: =IFERROR(((X70-D70)/D70)*100,"") | AM70: =AG70*AG69 | AN70: =AH70*AH69 | AO70: =AJ70*AJ69 | AP70: =AK70*AK69 | AQ70: =AL70*AL69
E71: PR | J71: PR | O71: PR | T71: PR | AC71: PR-M | AD71: =IFERROR(AVERAGE(G71,L71,Q71,V71),"")
E72: =SUM(E59:E70) | J72: =SUM(J59:J70) | O72: =SUM(O59:O70) | T72: =SUM(T59:T70) | Y72: =SUM(Y59:Y70)
L73: Son | M73: Estr | N73: Fad | O73: Dor | Q73: Média | T73: Teste de potência
A74: SEXTA-FEIRA | C74: DATA | Q74: =IFERROR(AVERAGE(L74:O74),"") | S74: =Q74
A75: Exercícios | B75: série 1 | G75: série 2 | L75: série 3 | Q75: série 4 | V75: série 5 | AA75: VEL (2x1) | AB75: VEL (3x1) | AC75: VEL (4x1) | AD75: VEL (5x1) | AG75: VTT-SESSÃO | AJ75: CARGA DE TREINO (U.A)
B76: nº reps | C76: peso(kg) | D76: veloc(s) | E76: VTT (sér) | G76: nº reps | H76: peso(kg) | I76: veloc(s) | J76: VTT (sér) | L76: nº reps | M76: peso(kg) | N76: veloc(s) | O76: VTT (sér) | Q76: nº reps | R76: peso(kg) | S76: veloc(s) | T76: VTT (sér) | V76: nº reps | W76: peso(kg) | X76: veloc(s) | Y76: VTT (sér) | AG76: =SUM(E90+J90+O90+T90+Y90) | AJ76: =AE77*AG79
E77: =B77*C77 | J77: =G77*H77 | O77: =L77*M77 | T77: =Q77*R77 | Y77: =V77*W77 | AA77: =IFERROR(((I77-D77)/D77)*100,"") | AB77: =IFERROR(((N77-D77)/D77)*100,"") | AC77: =IFERROR(((S77-D77)/D77)*100,"") | AD77: =IFERROR(((X77-D77)/D77)*100,"")
A78: Desenvolvimento Livre | E78: =B78*C78 | J78: =G78*H78 | O78: =L78*M78 | T78: =Q78*R78 | Y78: =V78*W78 | AA78: =IFERROR(((I78-D78)/D78)*100,"") | AB78: =IFERROR(((N78-D78)/D78)*100,"") | AC78: =IFERROR(((S78-D78)/D78)*100,"") | AD78: =IFERROR(((X78-D78)/D78)*100,"") | AG78: Tempo total sessão (min)
A79: Remada Alta Aberta até 90° | E79: =B79*C79 | J79: =G79*H79 | O79: =L79*M79 | T79: =Q79*R79 | Y79: =V79*W79 | AA79: =IFERROR(((I79-D79)/D79)*100,"") | AB79: =IFERROR(((N79-D79)/D79)*100,"") | AC79: =IFERROR(((S79-D79)/D79)*100,"") | AD79: =IFERROR(((X79-D79)/D79)*100,"")
A80: Elevação Lateral Unilateral Banco 45° | E80: =B80*C80 | J80: =G80*H80 | O80: =L80*M80 | T80: =Q80*R80 | Y80: =V80*W80 | AA80: =IFERROR(((I80-D80)/D80)*100,"") | AB80: =IFERROR(((N80-D80)/D80)*100,"") | AC80: =IFERROR(((S80-D80)/D80)*100,"") | AD80: =IFERROR(((X80-D80)/D80)*100,"")
A81: Elevação Lateral Unilateral Polia | E81: =B81*C81 | J81: =G81*H81 | O81: =L81*M81 | T81: =Q81*R81 | Y81: =V81*W81 | AA81: =IFERROR(((I81-D81)/D81)*100,"") | AB81: =IFERROR(((N81-D81)/D81)*100,"") | AC81: =IFERROR(((S81-D81)/D81)*100,"") | AD81: =IFERROR(((X81-D81)/D81)*100,"")
A82: Elevação Lateral em Pé | E82: =B82*C82 | J82: =G82*H82 | O82: =L82*M82 | T82: =Q82*R82 | Y82: =V82*W82 | AA82: =IFERROR(((I82-D82)/D82)*100,"") | AB82: =IFERROR(((N82-D82)/D82)*100,"") | AC82: =IFERROR(((S82-D82)/D82)*100,"") | AD82: =IFERROR(((X82-D82)/D82)*100,"")
A83: Encolhimento Smith | E83: =B83*C83 | J83: =G83*H83 | O83: =L83*M83 | T83: =Q83*R83 | Y83: =V83*W83 | AA83: =IFERROR(((I83-D83)/D83)*100,"") | AB83: =IFERROR(((N83-D83)/D83)*100,"") | AC83: =IFERROR(((S83-D83)/D83)*100,"") | AD83: =IFERROR(((X83-D83)/D83)*100,"")
A84: Flexão Quadril/Coluna Paralelas | E84: =B84*C84 | J84: =G84*H84 | O84: =L84*M84 | T84: =Q84*R84 | Y84: =V84*W84 | AA84: =IFERROR(((I84-D84)/D84)*100,"") | AB84: =IFERROR(((N84-D84)/D84)*100,"") | AC84: =IFERROR(((S84-D84)/D84)*100,"") | AD84: =IFERROR(((X84-D84)/D84)*100,"")
A85: Flexão de Coluna Máquina | E85: =B85*C85 | J85: =G85*H85 | O85: =L85*M85 | T85: =Q85*R85 | Y85: =V85*W85 | AA85: =IFERROR(((I85-D85)/D85)*100,"") | AB85: =IFERROR(((N85-D85)/D85)*100,"") | AC85: =IFERROR(((S85-D85)/D85)*100,"") | AD85: =IFERROR(((X85-D85)/D85)*100,"")
E86: =B86*C86 | J86: =G86*H86 | O86: =L86*M86 | T86: =Q86*R86 | Y86: =V86*W86 | AA86: =IFERROR(((I86-D86)/D86)*100,"") | AB86: =IFERROR(((N86-D86)/D86)*100,"") | AC86: =IFERROR(((S86-D86)/D86)*100,"") | AD86: =IFERROR(((X86-D86)/D86)*100,"")
E87: =B87*C87 | J87: =G87*H87 | O87: =L87*M87 | T87: =Q87*R87 | Y87: =V87*W87 | AA87: =IFERROR(((I87-D87)/D87)*100,"") | AB87: =IFERROR(((N87-D87)/D87)*100,"") | AC87: =IFERROR(((S87-D87)/D87)*100,"") | AD87: =IFERROR(((X87-D87)/D87)*100,"")
E88: =B88*C88 | J88: =G88*H88 | O88: =L88*M88 | T88: =Q88*R88 | Y88: =V88*W88 | AA88: =IFERROR(((I88-D88)/D88)*100,"") | AB88: =IFERROR(((N88-D88)/D88)*100,"") | AC88: =IFERROR(((S88-D88)/D88)*100,"") | AD88: =IFERROR(((X88-D88)/D88)*100,"") | AM88: =AG88*AG87 | AN88: =AH88*AH87 | AO88: =AJ88*AJ87 | AP88: =AK88*AK87 | AQ88: =AL88*AL87
E89: PR | J89: PR | O89: PR | T89: PR | AC89: PR-M | AD89: =IFERROR(AVERAGE(G89,L89,Q89,V89),"")
E90: =SUM(E77:E88) | J90: =SUM(J77:J88) | O90: =SUM(O77:O88) | T90: =SUM(T77:T88) | Y90: =SUM(Y77:Y88)
L91: Son | M91: Estr | N91: Fad | O91: Dor | Q91: Média | T91: Teste de potência
A92: SÁBADO | C92: DATA | E92: 45612 | L92: 5 | M92: 4 | N92: 4 | O92: 4 | Q92: =IFERROR(AVERAGE(L92:O92),"") | S92: =Q92
A93: Exercícios | B93: série 1 | G93: série 2 | L93: série 3 | Q93: série 4 | V93: série 5 | AA93: VEL (2x1) | AB93: VEL (3x1) | AC93: VEL (4x1) | AD93: VEL (5x1) | AG93: VTT-SESSÃO | AJ93: CARGA DE TREINO (U.A)
B94: nº reps | C94: peso(kg) | D94: veloc(s) | E94: VTT (sér) | G94: nº reps | H94: peso(kg) | I94: veloc(s) | J94: VTT (sér) | L94: nº reps | M94: peso(kg) | N94: veloc(s) | O94: VTT (sér) | Q94: nº reps | R94: peso(kg) | S94: veloc(s) | T94: VTT (sér) | V94: nº reps | W94: peso(kg) | X94: veloc(s) | Y94: VTT (sér) | AG94: =SUM(E108+J108+O108+T108+Y108) | AJ94: =AE95*AG97
A95: Agachamento Livre | B95: 10 | C95: 85 | D95: 2 | E95: =B95*C95 | G95: 10 | H95: 85 | I95: 2 | J95: =G95*H95 | L95: 10 | M95: 85 | N95: 2 | O95: =L95*M95 | Q95: 10 | R95: 85 | S95: 2 | T95: =Q95*R95 | Y95: =V95*W95 | AA95: =IFERROR(((I95-D95)/D95)*100,"") | AB95: =IFERROR(((N95-D95)/D95)*100,"") | AC95: =IFERROR(((S95-D95)/D95)*100,"") | AD95: =IFERROR(((X95-D95)/D95)*100,"") | AE95: 8
A96: Rosca Direta Barra W | E96: =B96*C96 | J96: =G96*H96 | O96: =L96*M96 | T96: =Q96*R96 | Y96: =V96*W96 | AA96: =IFERROR(((I96-D96)/D96)*100,"") | AB96: =IFERROR(((N96-D96)/D96)*100,"") | AC96: =IFERROR(((S96-D96)/D96)*100,"") | AD96: =IFERROR(((X96-D96)/D96)*100,"") | AG96: Tempo total sessão (min)
A97: Rosca Sentado Máquina | E97: =B97*C97 | J97: =G97*H97 | O97: =L97*M97 | T97: =Q97*R97 | Y97: =V97*W97 | AA97: =IFERROR(((I97-D97)/D97)*100,"") | AB97: =IFERROR(((N97-D97)/D97)*100,"") | AC97: =IFERROR(((S97-D97)/D97)*100,"") | AD97: =IFERROR(((X97-D97)/D97)*100,"") | AG97: 65
A98: Rosca Simultâneo 45° + Apoio Tórax 30° | E98: =B98*C98 | J98: =G98*H98 | O98: =L98*M98 | T98: =Q98*R98 | Y98: =V98*W98 | AA98: =IFERROR(((I98-D98)/D98)*100,"") | AB98: =IFERROR(((N98-D98)/D98)*100,"") | AC98: =IFERROR(((S98-D98)/D98)*100,"") | AD98: =IFERROR(((X98-D98)/D98)*100,"")
A99: Coice Unilateral | E99: =B99*C99 | J99: =G99*H99 | O99: =L99*M99 | T99: =Q99*R99 | Y99: =V99*W99 | AA99: =IFERROR(((I99-D99)/D99)*100,"") | AB99: =IFERROR(((N99-D99)/D99)*100,"") | AC99: =IFERROR(((S99-D99)/D99)*100,"") | AD99: =IFERROR(((X99-D99)/D99)*100,"")
A100: Tríceps Pulley Pronado | E100: =B100*C100 | J100: =G100*H100 | O100: =L100*M100 | T100: =Q100*R100 | Y100: =V100*W100 | AA100: =IFERROR(((I100-D100)/D100)*100,"") | AB100: =IFERROR(((N100-D100)/D100)*100,"") | AC100: =IFERROR(((S100-D100)/D100)*100,"") | AD100: =IFERROR(((X100-D100)/D100)*100,"")
...

Sheet SEM 3
A1: SEMANA 3 | L1: Son | M1: Estr | N1: Fad | O1: Dor | Q1: Média | T1: Teste de potência
A2: SEGUNDA-FEIRA | C2: DATA | Q2: =IFERROR(AVERAGE(L2:O2),"") | S2: =Q2
A3: Exercícios | B3: série 1 | G3: série 2 | L3: série 3 | Q3: série 4 | V3: série 5 | AA3: VEL (2x1) | AB3: VEL (3x1) | AC3: VEL (4x1) | AD3: VEL (5x1) | AG3: VTT-SESSÃO | AJ3: CARGA DE TREINO (U.A)
B4: nº reps | C4: peso(kg) | D4: veloc(s) | E4: VTT (sér) | G4: nº reps | H4: peso(kg) | I4: veloc(s) | J4: VTT (sér) | L4: nº reps | M4: peso(kg) | N4: veloc(s) | O4: VTT (sér) | Q4: nº reps | R4: peso(kg) | S4: veloc(s) | T4: VTT (sér) | V4: nº reps | W4: peso(kg) | X4: veloc(s) | Y4: VTT (sér) | AG4: =SUM(E18+J18+O18+T18+Y18) | AJ4: =AE5*AG7
E5: =B5*C5 | J5: =G5*H5 | O5: =L5*M5 | T5: =Q5*R5 | Y5: =V5*W5 | AA5: =IFERROR(((I5-D5)/D5)*100,"") | AB5: =IFERROR(((N5-D5)/D5)*100,"") | AC5: =IFERROR(((S5-D5)/D5)*100,"") | AD5: =IFERROR(((X5-D5)/D5)*100,"")
A6: Cadeira Abdutora 90° | E6: =B6*C6 | J6: =G6*H6 | O6: =L6*M6 | T6: =Q6*R6 | Y6: =V6*W6 | AA6: =IFERROR(((I6-D6)/D6)*100,"") | AB6: =IFERROR(((N6-D6)/D6)*100,"") | AC6: =IFERROR(((S6-D6)/D6)*100,"") | AD6: =IFERROR(((X6-D6)/D6)*100,"") | AG6: Tempo total sessão (min)
A7: Elevação Pélvica (livre/máq) | E7: =B7*C7 | J7: =G7*H7 | O7: =L7*M7 | T7: =Q7*R7 | Y7: =V7*W7 | AA7: =IFERROR(((I7-D7)/D7)*100,"") | AB7: =IFERROR(((N7-D7)/D7)*100,"") | AC7: =IFERROR(((S7-D7)/D7)*100,"") | AD7: =IFERROR(((X7-D7)/D7)*100,"")
A8: Afundo no Smith | E8: =B8*C8 | J8: =G8*H8 | O8: =L8*M8 | T8: =Q8*R8 | Y8: =V8*W8 | AA8: =IFERROR(((I8-D8)/D8)*100,"") | AB8: =IFERROR(((N8-D8)/D8)*100,"") | AC8: =IFERROR(((S8-D8)/D8)*100,"") | AD8: =IFERROR(((X8-D8)/D8)*100,"")
A9: Agachamento Livre | E9: =B9*C9 | J9: =G9*H9 | O9: =L9*M9 | T9: =Q9*R9 | Y9: =V9*W9 | AA9: =IFERROR(((I9-D9)/D9)*100,"") | AB9: =IFERROR(((N9-D9)/D9)*100,"") | AC9: =IFERROR(((S9-D9)/D9)*100,"") | AD9: =IFERROR(((X9-D9)/D9)*100,"")
A10: Leg Press 45° | E10: =B10*C10 | J10: =G10*H10 | O10: =L10*M10 | T10: =Q10*R10 | Y10: =V10*W10 | AA10: =IFERROR(((I10-D10)/D10)*100,"") | AB10: =IFERROR(((N10-D10)/D10)*100,"") | AC10: =IFERROR(((S10-D10)/D10)*100,"") | AD10: =IFERROR(((X10-D10)/D10)*100,"")
A11: Cadeira Extensora | E11: =B11*C11 | J11: =G11*H11 | O11: =L11*M11 | T11: =Q11*R11 | Y11: =V11*W11 | AA11: =IFERROR(((I11-D11)/D11)*100,"") | AB11: =IFERROR(((N11-D11)/D11)*100,"") | AC11: =IFERROR(((S11-D11)/D11)*100,"") | AD11: =IFERROR(((X11-D11)/D11)*100,"")
A12: Gêmeos Sentado | E12: =B12*C12 | J12: =G12*H12 | O12: =L12*M12 | T12: =Q12*R12 | Y12: =V12*W12 | AA12: =IFERROR(((I12-D12)/D12)*100,"") | AB12: =IFERROR(((N12-D12)/D12)*100,"") | AC12: =IFERROR(((S12-D12)/D12)*100,"") | AD12: =IFERROR(((X12-D12)/D12)*100,"")
A13: Gêmeos Máquina em Pé | E13: =B13*C13 | J13: =G13*H13 | O13: =L13*M13 | T13: =Q13*R13 | Y13: =V13*W13 | AA13: =IFERROR(((I13-D13)/D13)*100,"") | AB13: =IFERROR(((N13-D13)/D13)*100,"") | AC13: =IFERROR(((S13-D13)/D13)*100,"") | AD13: =IFERROR(((X13-D13)/D13)*100,"")
E14: =B14*C14 | J14: =G14*H14 | O14: =L14*M14 | T14: =Q14*R14 | Y14: =V14*W14 | AA14: =IFERROR(((I14-D14)/D14)*100,"") | AB14: =IFERROR(((N14-D14)/D14)*100,"") | AC14: =IFERROR(((S14-D14)/D14)*100,"") | AD14: =IFERROR(((X14-D14)/D14)*100,"")
E15: =B15*C15 | J15: =G15*H15 | O15: =L15*M15 | T15: =Q15*R15 | Y15: =V15*W15 | AA15: =IFERROR(((I15-D15)/D15)*100,"") | AB15: =IFERROR(((N15-D15)/D15)*100,"") | AC15: =IFERROR(((S15-D15)/D15)*100,"") | AD15: =IFERROR(((X15-D15)/D15)*100,"")
E16: =B16*C16 | J16: =G16*H16 | O16: =L16*M16 | T16: =Q16*R16 | Y16: =V16*W16 | AA16: =IFERROR(((I16-D16)/D16)*100,"") | AB16: =IFERROR(((N16-D16)/D16)*100,"") | AC16: =IFERROR(((S16-D16)/D16)*100,"") | AD16: =IFERROR(((X16-D16)/D16)*100,"") | AN16: =AH16*AH15 | AO16: =AJ16*AJ15 | AP16: =AK16*AK15 | AQ16: =AL16*AL15
E17: PR | J17: PR | O17: PR | T17: PR | AC17: PR-M | AD17: =IFERROR(AVERAGE(G17,L17,Q17,V17),"")
E18: =SUM(E5:E16) | J18: =SUM(J5:J16) | O18: =SUM(O5:O16) | T18: =SUM(T5:T16) | Y18: =SUM(Y5:Y16)
L19: Son | M19: Estr | N19: Fad | O19: Dor | Q19: Média | T19: Teste de potência
A20: TERÇA-FEIRA | C20: DATA | Q20: =IFERROR(AVERAGE(L20:O20),"") | S20: =Q20
A21: Exercícios | B21: série 1 | G21: série 2 | L21: série 3 | Q21: série 4 | V21: série 5 | AA21: VEL (2x1) | AB21: VEL (3x1) | AC21: VEL (4x1) | AD21: VEL (5x1) | AG21: VTT-SESSÃO | AJ21: CARGA DE TREINO (U.A)
B22: nº reps | C22: peso(kg) | D22: veloc(s) | E22: VTT (sér) | G22: nº reps | H22: peso(kg) | I22: veloc(s) | J22: VTT (sér) | L22: nº reps | M22: peso(kg) | N22: veloc(s) | O22: VTT (sér) | Q22: nº reps | R22: peso(kg) | S22: veloc(s) | T22: VTT (sér) | V22: nº reps | W22: peso(kg) | X22: veloc(s) | Y22: VTT (sér) | AG22: =SUM(E36+J36+O36+T36+Y36) | AJ22: =AE23*AG25
E23: =B23*C23 | J23: =G23*H23 | O23: =L23*M23 | T23: =Q23*R23 | Y23: =V23*W23 | AA23: =IFERROR(((I23-D23)/D23)*100,"") | AB23: =IFERROR(((N23-D23)/D23)*100,"") | AC23: =IFERROR(((S23-D23)/D23)*100,"") | AD23: =IFERROR(((X23-D23)/D23)*100,"")
A24: Supino Inclinado Smith 30° | E24: =B24*C24 | J24: =G24*H24 | O24: =L24*M24 | T24: =Q24*R24 | Y24: =V24*W24 | AA24: =IFERROR(((I24-D24)/D24)*100,"") | AB24: =IFERROR(((N24-D24)/D24)*100,"") | AC24: =IFERROR(((S24-D24)/D24)*100,"") | AD24: =IFERROR(((X24-D24)/D24)*100,"") | AG24: Tempo total sessão (min)
A25: Fly Inclinado Banco 30° | E25: =B25*C25 | J25: =G25*H25 | O25: =L25*M25 | T25: =Q25*R25 | Y25: =V25*W25 | AA25: =IFERROR(((I25-D25)/D25)*100,"") | AB25: =IFERROR(((N25-D25)/D25)*100,"") | AC25: =IFERROR(((S25-D25)/D25)*100,"") | AD25: =IFERROR(((X25-D25)/D25)*100,"")
A26: Fly Reto | E26: =B26*C26 | J26: =G26*H26 | O26: =L26*M26 | T26: =Q26*R26 | Y26: =V26*W26 | AA26: =IFERROR(((I26-D26)/D26)*100,"") | AB26: =IFERROR(((N26-D26)/D26)*100,"") | AC26: =IFERROR(((S26-D26)/D26)*100,"") | AD26: =IFERROR(((X26-D26)/D26)*100,"")
A27: Cross-over | E27: =B27*C27 | J27: =G27*H27 | O27: =L27*M27 | T27: =Q27*R27 | Y27: =V27*W27 | AA27: =IFERROR(((I27-D27)/D27)*100,"") | AB27: =IFERROR(((N27-D27)/D27)*100,"") | AC27: =IFERROR(((S27-D27)/D27)*100,"") | AD27: =IFERROR(((X27-D27)/D27)*100,"")
A28: Crucifixo em Máquina | E28: =B28*C28 | J28: =G28*H28 | O28: =L28*M28 | T28: =Q28*R28 | Y28: =V28*W28 | AA28: =IFERROR(((I28-D28)/D28)*100,"") | AB28: =IFERROR(((N28-D28)/D28)*100,"") | AC28: =IFERROR(((S28-D28)/D28)*100,"") | AD28: =IFERROR(((X28-D28)/D28)*100,"")
A29: Elevação Frontal Corda | E29: =B29*C29 | J29: =G29*H29 | O29: =L29*M29 | T29: =Q29*R29 | Y29: =V29*W29 | AA29: =IFERROR(((I29-D29)/D29)*100,"") | AB29: =IFERROR(((N29-D29)/D29)*100,"") | AC29: =IFERROR(((S29-D29)/D29)*100,"") | AD29: =IFERROR(((X29-D29)/D29)*100,"")
A30: Flexão Quadril/Coluna Paralelas | E30: =B30*C30 | J30: =G30*H30 | O30: =L30*M30 | T30: =Q30*R30 | Y30: =V30*W30 | AA30: =IFERROR(((I30-D30)/D30)*100,"") | AB30: =IFERROR(((N30-D30)/D30)*100,"") | AC30: =IFERROR(((S30-D30)/D30)*100,"") | AD30: =IFERROR(((X30-D30)/D30)*100,"")
A31: Flexão de Coluna Máquina | E31: =B31*C31 | J31: =G31*H31 | O31: =L31*M31 | T31: =Q31*R31 | Y31: =V31*W31 | AA31: =IFERROR(((I31-D31)/D31)*100,"") | AB31: =IFERROR(((N31-D31)/D31)*100,"") | AC31: =IFERROR(((S31-D31)/D31)*100,"") | AD31: =IFERROR(((X31-D31)/D31)*100,"")
E32: =B32*C32 | J32: =G32*H32 | O32: =L32*M32 | T32: =Q32*R32 | Y32: =V32*W32 | AA32: =IFERROR(((I32-D32)/D32)*100,"") | AB32: =IFERROR(((N32-D32)/D32)*100,"") | AC32: =IFERROR(((S32-D32)/D32)*100,"") | AD32: =IFERROR(((X32-D32)/D32)*100,"")
E33: =B33*C33 | J33: =G33*H33 | O33: =L33*M33 | T33: =Q33*R33 | Y33: =V33*W33 | AA33: =IFERROR(((I33-D33)/D33)*100,"") | AB33: =IFERROR(((N33-D33)/D33)*100,"") | AC33: =IFERROR(((S33-D33)/D33)*100,"") | AD33: =IFERROR(((X33-D33)/D33)*100,"")
E34: =B34*C34 | J34: =G34*H34 | O34: =L34*M34 | T34: =Q34*R34 | Y34: =V34*W34 | AA34: =IFERROR(((I34-D34)/D34)*100,"") | AB34: =IFERROR(((N34-D34)/D34)*100,"") | AC34: =IFERROR(((S34-D34)/D34)*100,"") | AD34: =IFERROR(((X34-D34)/D34)*100,"") | AM34: =AG34*AG33 | AN34: =AH34*AH33 | AO34: =AJ34*AJ33 | AP34: =AK34*AK33 | AQ34: =AL34*AL33
E35: PR | J35: PR | O35: PR | T35: PR | AC35: PR-M | AD35: =IFERROR(AVERAGE(G35,L35,Q35,V35),"")
E36: =SUM(E23:E34) | J36: =SUM(J23:J34) | O36: =SUM(O23:O34) | T36: =SUM(T23:T34) | Y36: =SUM(Y23:Y34)
L37: Son | M37: Estr | N37: Fad | O37: Dor | Q37: Média | T37: Teste de potência
A38: QUARTA-FEIRA | C38: DATA | Q38: =IFERROR(AVERAGE(L38:O38),"") | S38: =Q38
A39: Exercícios | B39: série 1 | G39: série 2 | L39: série 3 | Q39: série 4 | V39: série 5 | AA39: VEL (2x1) | AB39: VEL (3x1) | AC39: VEL (4x1) | AD39: VEL (5x1) | AG39: VTT-SESSÃO | AJ39: CARGA DE TREINO (U.A)
B40: nº reps | C40: peso(kg) | D40: veloc(s) | E40: VTT (sér) | G40: nº reps | H40: peso(kg) | I40: veloc(s) | J40: VTT (sér) | L40: nº reps | M40: peso(kg) | N40: veloc(s) | O40: VTT (sér) | Q40: nº reps | R40: peso(kg) | S40: veloc(s) | T40: VTT (sér) | V40: nº reps | W40: peso(kg) | X40: veloc(s) | Y40: VTT (sér) | AG40: =SUM(E54+J54+O54+T54+Y54) | AJ40: =AE41*AG43
E41: =B41*C41 | J41: =G41*H41 | O41: =L41*M41 | T41: =Q41*R41 | Y41: =V41*W41 | AA41: =IFERROR(((I41-D41)/D41)*100,"") | AB41: =IFERROR(((N41-D41)/D41)*100,"") | AC41: =IFERROR(((S41-D41)/D41)*100,"") | AD41: =IFERROR(((X41-D41)/D41)*100,"")
A42: Barra Fixa Aberta (livre/gravitron) | E42: =B42*C42 | J42: =G42*H42 | O42: =L42*M42 | T42: =Q42*R42 | Y42: =V42*W42 | AA42: =IFERROR(((I42-D42)/D42)*100,"") | AB42: =IFERROR(((N42-D42)/D42)*100,"") | AC42: =IFERROR(((S42-D42)/D42)*100,"") | AD42: =IFERROR(((X42-D42)/D42)*100,"") | AG42: Tempo total sessão (min)
A43: Pulley Frente Aberto | E43: =B43*C43 | J43: =G43*H43 | O43: =L43*M43 | T43: =Q43*R43 | Y43: =V43*W43 | AA43: =IFERROR(((I43-D43)/D43)*100,"") | AB43: =IFERROR(((N43-D43)/D43)*100,"") | AC43: =IFERROR(((S43-D43)/D43)*100,"") | AD43: =IFERROR(((X43-D43)/D43)*100,"")
A44: Remada Cavalinho Fechada | E44: =B44*C44 | J44: =G44*H44 | O44: =L44*M44 | T44: =Q44*R44 | Y44: =V44*W44 | AA44: =IFERROR(((I44-D44)/D44)*100,"") | AB44: =IFERROR(((N44-D44)/D44)*100,"") | AC44: =IFERROR(((S44-D44)/D44)*100,"") | AD44: =IFERROR(((X44-D44)/D44)*100,"")
A45: Remada Máquina Pegada Neutra | E45: =B45*C45 | J45: =G45*H45 | O45: =L45*M45 | T45: =Q45*R45 | Y45: =V45*W45 | AA45: =IFERROR(((I45-D45)/D45)*100,"") | AB45: =IFERROR(((N45-D45)/D45)*100,"") | AC45: =IFERROR(((S45-D45)/D45)*100,"") | AD45: =IFERROR(((X45-D45)/D45)*100,"")
A46: Remada Curvada Aberta | E46: =B46*C46 | J46: =G46*H46 | O46: =L46*M46 | T46: =Q46*R46 | Y46: =V46*W46 | AA46: =IFERROR(((I46-D46)/D46)*100,"") | AB46: =IFERROR(((N46-D46)/D46)*100,"") | AC46: =IFERROR(((S46-D46)/D46)*100,"") | AD46: =IFERROR(((X46-D46)/D46)*100,"")
A47: Crucifixo Inverso Máquina | E47: =B47*C47 | J47: =G47*H47 | O47: =L47*M47 | T47: =Q47*R47 | Y47: =V47*W47 | AA47: =IFERROR(((I47-D47)/D47)*100,"") | AB47: =IFERROR(((N47-D47)/D47)*100,"") | AC47: =IFERROR(((S47-D47)/D47)*100,"") | AD47: =IFERROR(((X47-D47)/D47)*100,"")
A48: Extensão Coluna Banco Eretor | E48: =B48*C48 | J48: =G48*H48 | O48: =L48*M48 | T48: =Q48*R48 | Y48: =V48*W48 | AA48: =IFERROR(((I48-D48)/D48)*100,"") | AB48: =IFERROR(((N48-D48)/D48)*100,"") | AC48: =IFERROR(((S48-D48)/D48)*100,"") | AD48: =IFERROR(((X48-D48)/D48)*100,"")
E49: =B49*C49 | J49: =G49*H49 | O49: =L49*M49 | T49: =Q49*R49 | Y49: =V49*W49 | AA49: =IFERROR(((I49-D49)/D49)*100,"") | AB49: =IFERROR(((N49-D49)/D49)*100,"") | AC49: =IFERROR(((S49-D49)/D49)*100,"") | AD49: =IFERROR(((X49-D49)/D49)*100,"")
E50: =B50*C50 | J50: =G50*H50 | O50: =L50*M50 | T50: =Q50*R50 | Y50: =V50*W50 | AA50: =IFERROR(((I50-D50)/D50)*100,"") | AB50: =IFERROR(((N50-D50)/D50)*100,"") | AC50: =IFERROR(((S50-D50)/D50)*100,"") | AD50: =IFERROR(((X50-D50)/D50)*100,"")
E51: =B51*C51 | J51: =G51*H51 | O51: =L51*M51 | T51: =Q51*R51 | Y51: =V51*W51 | AA51: =IFERROR(((I51-D51)/D51)*100,"") | AB51: =IFERROR(((N51-D51)/D51)*100,"") | AC51: =IFERROR(((S51-D51)/D51)*100,"") | AD51: =IFERROR(((X51-D51)/D51)*100,"")
E52: =B52*C52 | J52: =G52*H52 | O52: =L52*M52 | T52: =Q52*R52 | Y52: =V52*W52 | AA52: =IFERROR(((I52-D52)/D52)*100,"") | AB52: =IFERROR(((N52-D52)/D52)*100,"") | AC52: =IFERROR(((S52-D52)/D52)*100,"") | AD52: =IFERROR(((X52-D52)/D52)*100,"") | AM52: =AG52*AG51 | AN52: =AH52*AH51 | AO52: =AJ52*AJ51 | AP52: =AK52*AK51 | AQ52: =AL52*AL51
E53: PR | J53: PR | O53: PR | T53: PR | AC53: PR-M | AD53: =IFERROR(AVERAGE(G53,L53,Q53,V53),"")
E54: =SUM(E41:E52) | J54: =SUM(J41:J52) | O54: =SUM(O41:O52) | T54: =SUM(T41:T52) | Y54: =SUM(Y41:Y52)
L55: Son | M55: Estr | N55: Fad | O55: Dor | Q55: Média | T55: Teste de potência
A56: QUINTA-FEIRA | C56: DATA | Q56: =IFERROR(AVERAGE(L56:O56),"") | S56: =Q56
A57: Exercícios | B57: série 1 | G57: série 2 | L57: série 3 | Q57: série 4 | V57: série 5 | AA57: VEL (2x1) | AB57: VEL (3x1) | AC57: VEL (4x1) | AD57: VEL (5x1) | AG57: VTT-SESSÃO | AJ57: CARGA DE TREINO (U.A)
B58: nº reps | C58: peso(kg) | D58: veloc(s) | E58: VTT (sér) | G58: nº reps | H58: peso(kg) | I58: veloc(s) | J58: VTT (sér) | L58: nº reps | M58: peso(kg) | N58: veloc(s) | O58: VTT (sér) | Q58: nº reps | R58: peso(kg) | S58: veloc(s) | T58: VTT (sér) | V58: nº reps | W58: peso(kg) | X58: veloc(s) | Y58: VTT (sér) | AG58: =SUM(E72+J72+O72+T72+Y72) | AJ58: =AE59*AG61
E59: =B59*C59 | J59: =G59*H59 | O59: =L59*M59 | T59: =Q59*R59 | Y59: =V59*W59 | AA59: =IFERROR(((I59-D59)/D59)*100,"") | AB59: =IFERROR(((N59-D59)/D59)*100,"") | AC59: =IFERROR(((S59-D59)/D59)*100,"") | AD59: =IFERROR(((X59-D59)/D59)*100,"")
A60: Cadeira Abdutora 90° | E60: =B60*C60 | J60: =G60*H60 | O60: =L60*M60 | T60: =Q60*R60 | Y60: =V60*W60 | AA60: =IFERROR(((I60-D60)/D60)*100,"") | AB60: =IFERROR(((N60-D60)/D60)*100,"") | AC60: =IFERROR(((S60-D60)/D60)*100,"") | AD60: =IFERROR(((X60-D60)/D60)*100,"") | AG60: Tempo total sessão (min)
A61: Elevação Pélvica Máquina | E61: =B61*C61 | J61: =G61*H61 | O61: =L61*M61 | T61: =Q61*R61 | Y61: =V61*W61 | AA61: =IFERROR(((I61-D61)/D61)*100,"") | AB61: =IFERROR(((N61-D61)/D61)*100,"") | AC61: =IFERROR(((S61-D61)/D61)*100,"") | AD61: =IFERROR(((X61-D61)/D61)*100,"")
A62: Levantamento Terra | E62: =B62*C62 | J62: =G62*H62 | O62: =L62*M62 | T62: =Q62*R62 | Y62: =V62*W62 | AA62: =IFERROR(((I62-D62)/D62)*100,"") | AB62: =IFERROR(((N62-D62)/D62)*100,"") | AC62: =IFERROR(((S62-D62)/D62)*100,"") | AD62: =IFERROR(((X62-D62)/D62)*100,"")
A63: Stiff c/ Barra | E63: =B63*C63 | J63: =G63*H63 | O63: =L63*M63 | T63: =Q63*R63 | Y63: =V63*W63 | AA63: =IFERROR(((I63-D63)/D63)*100,"") | AB63: =IFERROR(((N63-D63)/D63)*100,"") | AC63: =IFERROR(((S63-D63)/D63)*100,"") | AD63: =IFERROR(((X63-D63)/D63)*100,"")
A64: Mesa Flexora | E64: =B64*C64 | J64: =G64*H64 | O64: =L64*M64 | T64: =Q64*R64 | Y64: =V64*W64 | AA64: =IFERROR(((I64-D64)/D64)*100,"") | AB64: =IFERROR(((N64-D64)/D64)*100,"") | AC64: =IFERROR(((S64-D64)/D64)*100,"") | AD64: =IFERROR(((X64-D64)/D64)*100,"")
A65: Cadeira Flexora | E65: =B65*C65 | J65: =G65*H65 | O65: =L65*M65 | T65: =Q65*R65 | Y65: =V65*W65 | AA65: =IFERROR(((I65-D65)/D65)*100,"") | AB65: =IFERROR(((N65-D65)/D65)*100,"") | AC65: =IFERROR(((S65-D65)/D65)*100,"") | AD65: =IFERROR(((X65-D65)/D65)*100,"")
A66: Gêmeos Sentado | E66: =B66*C66 | J66: =G66*H66 | O66: =L66*M66 | T66: =Q66*R66 | Y66: =V66*W66 | AA66: =IFERROR(((I66-D66)/D66)*100,"") | AB66: =IFERROR(((N66-D66)/D66)*100,"") | AC66: =IFERROR(((S66-D66)/D66)*100,"") | AD66: =IFERROR(((X66-D66)/D66)*100,"")
A67: Gêmeos Máquina em Pé | E67: =B67*C67 | J67: =G67*H67 | O67: =L67*M67 | T67: =Q67*R67 | Y67: =V67*W67 | AA67: =IFERROR(((I67-D67)/D67)*100,"") | AB67: =IFERROR(((N67-D67)/D67)*100,"") | AC67: =IFERROR(((S67-D67)/D67)*100,"") | AD67: =IFERROR(((X67-D67)/D67)*100,"")
E68: =B68*C68 | J68: =G68*H68 | O68: =L68*M68 | T68: =Q68*R68 | Y68: =V68*W68 | AA68: =IFERROR(((I68-D68)/D68)*100,"") | AB68: =IFERROR(((N68-D68)/D68)*100,"") | AC68: =IFERROR(((S68-D68)/D68)*100,"") | AD68: =IFERROR(((X68-D68)/D68)*100,"")
E69: =B69*C69 | J69: =G69*H69 | O69: =L69*M69 | T69: =Q69*R69 | Y69: =V69*W69 | AA69: =IFERROR(((I69-D69)/D69)*100,"") | AB69: =IFERROR(((N69-D69)/D69)*100,"") | AC69: =IFERROR(((S69-D69)/D69)*100,"") | AD69: =IFERROR(((X69-D69)/D69)*100,"")
E70: =B70*C70 | J70: =G70*H70 | O70: =L70*M70 | T70: =Q70*R70 | Y70: =V70*W70 | AA70: =IFERROR(((I70-D70)/D70)*100,"") | AB70: =IFERROR(((N70-D70)/D70)*100,"") | AC70: =IFERROR(((S70-D70)/D70)*100,"") | AD70: =IFERROR(((X70-D70)/D70)*100,"") | AM70: =AG70*AG69 | AN70: =AH70*AH69 | AO70: =AJ70*AJ69 | AP70: =AK70*AK69 | AQ70: =AL70*AL69
E71: PR | J71: PR | O71: PR | T71: PR | AC71: PR-M | AD71: =IFERROR(AVERAGE(G71,L71,Q71,V71),"")
E72: =SUM(E59:E70) | J72: =SUM(J59:J70) | O72: =SUM(O59:O70) | T72: =SUM(T59:T70) | Y72: =SUM(Y59:Y70)
L73: Son | M73: Estr | N73: Fad | O73: Dor | Q73: Média | T73: Teste de potência
A74: SEXTA-FEIRA | C74: DATA | Q74: =IFERROR(AVERAGE(L74:O74),"") | S74: =Q74
A75: Exercícios | B75: série 1 | G75: série 2 | L75: série 3 | Q75: série 4 | V75: série 5 | AA75: VEL (2x1) | AB75: VEL (3x1) | AC75: VEL (4x1) | AD75: VEL (5x1) | AG75: VTT-SESSÃO | AJ75: CARGA DE TREINO (U.A)
B76: nº reps | C76: peso(kg) | D76: veloc(s) | E76: VTT (sér) | G76: nº reps | H76: peso(kg) | I76: veloc(s) | J76: VTT (sér) | L76: nº reps | M76: peso(kg) | N76: veloc(s) | O76: VTT (sér) | Q76: nº reps | R76: peso(kg) | S76: veloc(s) | T76: VTT (sér) | V76: nº reps | W76: peso(kg) | X76: veloc(s) | Y76: VTT (sér) | AG76: =SUM(E90+J90+O90+T90+Y90) | AJ76: =AE77*AG79
E77: =B77*C77 | J77: =G77*H77 | O77: =L77*M77 | T77: =Q77*R77 | Y77: =V77*W77 | AA77: =IFERROR(((I77-D77)/D77)*100,"") | AB77: =IFERROR(((N77-D77)/D77)*100,"") | AC77: =IFERROR(((S77-D77)/D77)*100,"") | AD77: =IFERROR(((X77-D77)/D77)*100,"")
A78: Desenvolvimento Livre | E78: =B78*C78 | J78: =G78*H78 | O78: =L78*M78 | T78: =Q78*R78 | Y78: =V78*W78 | AA78: =IFERROR(((I78-D78)/D78)*100,"") | AB78: =IFERROR(((N78-D78)/D78)*100,"") | AC78: =IFERROR(((S78-D78)/D78)*100,"") | AD78: =IFERROR(((X78-D78)/D78)*100,"") | AG78: Tempo total sessão (min)
A79: Remada Alta Aberta até 90° | E79: =B79*C79 | J79: =G79*H79 | O79: =L79*M79 | T79: =Q79*R79 | Y79: =V79*W79 | AA79: =IFERROR(((I79-D79)/D79)*100,"") | AB79: =IFERROR(((N79-D79)/D79)*100,"") | AC79: =IFERROR(((S79-D79)/D79)*100,"") | AD79: =IFERROR(((X79-D79)/D79)*100,"")
A80: Elevação Lateral Unilateral Banco 45° | E80: =B80*C80 | J80: =G80*H80 | O80: =L80*M80 | T80: =Q80*R80 | Y80: =V80*W80 | AA80: =IFERROR(((I80-D80)/D80)*100,"") | AB80: =IFERROR(((N80-D80)/D80)*100,"") | AC80: =IFERROR(((S80-D80)/D80)*100,"") | AD80: =IFERROR(((X80-D80)/D80)*100,"")
A81: Elevação Lateral Unilateral Polia | E81: =B81*C81 | J81: =G81*H81 | O81: =L81*M81 | T81: =Q81*R81 | Y81: =V81*W81 | AA81: =IFERROR(((I81-D81)/D81)*100,"") | AB81: =IFERROR(((N81-D81)/D81)*100,"") | AC81: =IFERROR(((S81-D81)/D81)*100,"") | AD81: =IFERROR(((X81-D81)/D81)*100,"")
A82: Elevação Lateral em Pé | E82: =B82*C82 | J82: =G82*H82 | O82: =L82*M82 | T82: =Q82*R82 | Y82: =V82*W82 | AA82: =IFERROR(((I82-D82)/D82)*100,"") | AB82: =IFERROR(((N82-D82)/D82)*100,"") | AC82: =IFERROR(((S82-D82)/D82)*100,"") | AD82: =IFERROR(((X82-D82)/D82)*100,"")
A83: Encolhimento Smith | E83: =B83*C83 | J83: =G83*H83 | O83: =L83*M83 | T83: =Q83*R83 | Y83: =V83*W83 | AA83: =IFERROR(((I83-D83)/D83)*100,"") | AB83: =IFERROR(((N83-D83)/D83)*100,"") | AC83: =IFERROR(((S83-D83)/D83)*100,"") | AD83: =IFERROR(((X83-D83)/D83)*100,"")
A84: Flexão Quadril/Coluna Paralelas | E84: =B84*C84 | J84: =G84*H84 | O84: =L84*M84 | T84: =Q84*R84 | Y84: =V84*W84 | AA84: =IFERROR(((I84-D84)/D84)*100,"") | AB84: =IFERROR(((N84-D84)/D84)*100,"") | AC84: =IFERROR(((S84-D84)/D84)*100,"") | AD84: =IFERROR(((X84-D84)/D84)*100,"")
A85: Flexão de Coluna Máquina | E85: =B85*C85 | J85: =G85*H85 | O85: =L85*M85 | T85: =Q85*R85 | Y85: =V85*W85 | AA85: =IFERROR(((I85-D85)/D85)*100,"") | AB85: =IFERROR(((N85-D85)/D85)*100,"") | AC85: =IFERROR(((S85-D85)/D85)*100,"") | AD85: =IFERROR(((X85-D85)/D85)*100,"")
E86: =B86*C86 | J86: =G86*H86 | O86: =L86*M86 | T86: =Q86*R86 | Y86: =V86*W86 | AA86: =IFERROR(((I86-D86)/D86)*100,"") | AB86: =IFERROR(((N86-D86)/D86)*100,"") | AC86: =IFERROR(((S86-D86)/D86)*100,"") | AD86: =IFERROR(((X86-D86)/D86)*100,"")
E87: =B87*C87 | J87: =G87*H87 | O87: =L87*M87 | T87: =Q87*R87 | Y87: =V87*W87 | AA87: =IFERROR(((I87-D87)/D87)*100,"") | AB87: =IFERROR(((N87-D87)/D87)*100,"") | AC87: =IFERROR(((S87-D87)/D87)*100,"") | AD87: =IFERROR(((X87-D87)/D87)*100,"")
E88: =B88*C88 | J88: =G88*H88 | O88: =L88*M88 | T88: =Q88*R88 | Y88: =V88*W88 | AA88: =IFERROR(((I88-D88)/D88)*100,"") | AB88: =IFERROR(((N88-D88)/D88)*100,"") | AC88: =IFERROR(((S88-D88)/D88)*100,"") | AD88: =IFERROR(((X88-D88)/D88)*100,"") | AM88: =AG88*AG87 | AN88: =AH88*AH87 | AO88: =AJ88*AJ87 | AP88: =AK88*AK87 | AQ88: =AL88*AL87
E89: PR | J89: PR | O89: PR | T89: PR | AC89: PR-M | AD89: =IFERROR(AVERAGE(G89,L89,Q89,V89),"")
E90: =SUM(E77:E88) | J90: =SUM(J77:J88) | O90: =SUM(O77:O88) | T90: =SUM(T77:T88) | Y90: =SUM(Y77:Y88)
L91: Son | M91: Estr | N91: Fad | O91: Dor | Q91: Média | T91: Teste de potência
A92: SÁBADO | C92: DATA | Q92: =IFERROR(AVERAGE(L92:O92),"") | S92: =Q92
A93: Exercícios | B93: série 1 | G93: série 2 | L93: série 3 | Q93: série 4 | V93: série 5 | AA93: VEL (2x1) | AB93: VEL (3x1) | AC93: VEL (4x1) | AD93: VEL (5x1) | AG93: VTT-SESSÃO | AJ93: CARGA DE TREINO (U.A)
B94: nº reps | C94: peso(kg) | D94: veloc(s) | E94: VTT (sér) | G94: nº reps | H94: peso(kg) | I94: veloc(s) | J94: VTT (sér) | L94: nº reps | M94: peso(kg) | N94: veloc(s) | O94: VTT (sér) | Q94: nº reps | R94: peso(kg) | S94: veloc(s) | T94: VTT (sér) | V94: nº reps | W94: peso(kg) | X94: veloc(s) | Y94: VTT (sér) | AG94: =SUM(E108+J108+O108+T108+Y108) | AJ94: =AE95*AG97
E95: =B95*C95 | J95: =G95*H95 | O95: =L95*M95 | T95: =Q95*R95 | Y95: =V95*W95 | AA95: =IFERROR(((I95-D95)/D95)*100,"") | AB95: =IFERROR(((N95-D95)/D95)*100,"") | AC95: =IFERROR(((S95-D95)/D95)*100,"") | AD95: =IFERROR(((X95-D95)/D95)*100,"")
A96: Rosca Direta Barra W | E96: =B96*C96 | J96: =G96*H96 | O96: =L96*M96 | T96: =Q96*R96 | Y96: =V96*W96 | AA96: =IFERROR(((I96-D96)/D96)*100,"") | AB96: =IFERROR(((N96-D96)/D96)*100,"") | AC96: =IFERROR(((S96-D96)/D96)*100,"") | AD96: =IFERROR(((X96-D96)/D96)*100,"") | AG96: Tempo total sessão (min)
A97: Rosca Sentado Máquina | E97: =B97*C97 | J97: =G97*H97 | O97: =L97*M97 | T97: =Q97*R97 | Y97: =V97*W97 | AA97: =IFERROR(((I97-D97)/D97)*100,"") | AB97: =IFERROR(((N97-D97)/D97)*100,"") | AC97: =IFERROR(((S97-D97)/D97)*100,"") | AD97: =IFERROR(((X97-D97)/D97)*100,"")
A98: Rosca Simultâneo 45° + Apoio Tórax 30° | E98: =B98*C98 | J98: =G98*H98 | O98: =L98*M98 | T98: =Q98*R98 | Y98: =V98*W98 | AA98: =IFERROR(((I98-D98)/D98)*100,"") | AB98: =IFERROR(((N98-D98)/D98)*100,"") | AC98: =IFERROR(((S98-D98)/D98)*100,"") | AD98: =IFERROR(((X98-D98)/D98)*100,"")
A99: Coice Unilateral | E99: =B99*C99 | J99: =G99*H99 | O99: =L99*M99 | T99: =Q99*R99 | Y99: =V99*W99 | AA99: =IFERROR(((I99-D99)/D99)*100,"") | AB99: =IFERROR(((N99-D99)/D99)*100,"") | AC99: =IFERROR(((S99-D99)/D99)*100,"") | AD99: =IFERROR(((X99-D99)/D99)*100,"")
A100: Tríceps Pulley Pronado | E100: =B100*C100 | J100: =G100*H100 | O100: =L100*M100 | T100: =Q100*R100 | Y100: =V100*W100 | AA100: =IFERROR(((I100-D100)/D100)*100,"") | AB100: =IFERROR(((N100-D100)/D100)*100,"") | AC100: =IFERROR(((S100-D100)/D100)*100,"") | AD100: =IFERROR(((X100-D100)/D100)*100,"")
...

Sheet SEM 4
A1: SEMANA 4 | L1: Son | M1: Estr | N1: Fad | O1: Dor | Q1: Média | T1: Teste de potência
A2: SEGUNDA-FEIRA | C2: DATA | Q2: =IFERROR(AVERAGE(L2:O2),"") | S2: =Q2
A3: Exercícios | B3: série 1 | G3: série 2 | L3: série 3 | Q3: série 4 | V3: série 5 | AA3: VEL (2x1) | AB3: VEL (3x1) | AC3: VEL (4x1) | AD3: VEL (5x1) | AG3: VTT-SESSÃO | AJ3: CARGA DE TREINO (U.A)
B4: nº reps | C4: peso(kg) | D4: veloc(s) | E4: VTT (sér) | G4: nº reps | H4: peso(kg) | I4: veloc(s) | J4: VTT (sér) | L4: nº reps | M4: peso(kg) | N4: veloc(s) | O4: VTT (sér) | Q4: nº reps | R4: peso(kg) | S4: veloc(s) | T4: VTT (sér) | V4: nº reps | W4: peso(kg) | X4: veloc(s) | Y4: VTT (sér) | AG4: =SUM(E18+J18+O18+T18+Y18) | AJ4: =AE5*AG7
E5: =B5*C5 | J5: =G5*H5 | O5: =L5*M5 | T5: =Q5*R5 | Y5: =V5*W5 | AA5: =IFERROR(((I5-D5)/D5)*100,"") | AB5: =IFERROR(((N5-D5)/D5)*100,"") | AC5: =IFERROR(((S5-D5)/D5)*100,"") | AD5: =IFERROR(((X5-D5)/D5)*100,"")
A6: Cadeira Abdutora 90° | E6: =B6*C6 | J6: =G6*H6 | O6: =L6*M6 | T6: =Q6*R6 | Y6: =V6*W6 | AA6: =IFERROR(((I6-D6)/D6)*100,"") | AB6: =IFERROR(((N6-D6)/D6)*100,"") | AC6: =IFERROR(((S6-D6)/D6)*100,"") | AD6: =IFERROR(((X6-D6)/D6)*100,"") | AG6: Tempo total sessão (min)
A7: Elevação Pélvica (livre/máq) | E7: =B7*C7 | J7: =G7*H7 | O7: =L7*M7 | T7: =Q7*R7 | Y7: =V7*W7 | AA7: =IFERROR(((I7-D7)/D7)*100,"") | AB7: =IFERROR(((N7-D7)/D7)*100,"") | AC7: =IFERROR(((S7-D7)/D7)*100,"") | AD7: =IFERROR(((X7-D7)/D7)*100,"")
A8: Afundo no Smith | E8: =B8*C8 | J8: =G8*H8 | O8: =L8*M8 | T8: =Q8*R8 | Y8: =V8*W8 | AA8: =IFERROR(((I8-D8)/D8)*100,"") | AB8: =IFERROR(((N8-D8)/D8)*100,"") | AC8: =IFERROR(((S8-D8)/D8)*100,"") | AD8: =IFERROR(((X8-D8)/D8)*100,"")
A9: Agachamento Livre | E9: =B9*C9 | J9: =G9*H9 | O9: =L9*M9 | T9: =Q9*R9 | Y9: =V9*W9 | AA9: =IFERROR(((I9-D9)/D9)*100,"") | AB9: =IFERROR(((N9-D9)/D9)*100,"") | AC9: =IFERROR(((S9-D9)/D9)*100,"") | AD9: =IFERROR(((X9-D9)/D9)*100,"")
A10: Leg Press 45° | E10: =B10*C10 | J10: =G10*H10 | O10: =L10*M10 | T10: =Q10*R10 | Y10: =V10*W10 | AA10: =IFERROR(((I10-D10)/D10)*100,"") | AB10: =IFERROR(((N10-D10)/D10)*100,"") | AC10: =IFERROR(((S10-D10)/D10)*100,"") | AD10: =IFERROR(((X10-D10)/D10)*100,"")
A11: Cadeira Extensora | E11: =B11*C11 | J11: =G11*H11 | O11: =L11*M11 | T11: =Q11*R11 | Y11: =V11*W11 | AA11: =IFERROR(((I11-D11)/D11)*100,"") | AB11: =IFERROR(((N11-D11)/D11)*100,"") | AC11: =IFERROR(((S11-D11)/D11)*100,"") | AD11: =IFERROR(((X11-D11)/D11)*100,"")
A12: Gêmeos Sentado | E12: =B12*C12 | J12: =G12*H12 | O12: =L12*M12 | T12: =Q12*R12 | Y12: =V12*W12 | AA12: =IFERROR(((I12-D12)/D12)*100,"") | AB12: =IFERROR(((N12-D12)/D12)*100,"") | AC12: =IFERROR(((S12-D12)/D12)*100,"") | AD12: =IFERROR(((X12-D12)/D12)*100,"")
A13: Gêmeos Máquina em Pé | E13: =B13*C13 | J13: =G13*H13 | O13: =L13*M13 | T13: =Q13*R13 | Y13: =V13*W13 | AA13: =IFERROR(((I13-D13)/D13)*100,"") | AB13: =IFERROR(((N13-D13)/D13)*100,"") | AC13: =IFERROR(((S13-D13)/D13)*100,"") | AD13: =IFERROR(((X13-D13)/D13)*100,"")
E14: =B14*C14 | J14: =G14*H14 | O14: =L14*M14 | T14: =Q14*R14 | Y14: =V14*W14 | AA14: =IFERROR(((I14-D14)/D14)*100,"") | AB14: =IFERROR(((N14-D14)/D14)*100,"") | AC14: =IFERROR(((S14-D14)/D14)*100,"") | AD14: =IFERROR(((X14-D14)/D14)*100,"")
E15: =B15*C15 | J15: =G15*H15 | O15: =L15*M15 | T15: =Q15*R15 | Y15: =V15*W15 | AA15: =IFERROR(((I15-D15)/D15)*100,"") | AB15: =IFERROR(((N15-D15)/D15)*100,"") | AC15: =IFERROR(((S15-D15)/D15)*100,"") | AD15: =IFERROR(((X15-D15)/D15)*100,"")
E16: =B16*C16 | J16: =G16*H16 | O16: =L16*M16 | T16: =Q16*R16 | Y16: =V16*W16 | AA16: =IFERROR(((I16-D16)/D16)*100,"") | AB16: =IFERROR(((N16-D16)/D16)*100,"") | AC16: =IFERROR(((S16-D16)/D16)*100,"") | AD16: =IFERROR(((X16-D16)/D16)*100,"") | AN16: =AH16*AH15 | AO16: =AJ16*AJ15 | AP16: =AK16*AK15 | AQ16: =AL16*AL15
E17: PR | J17: PR | O17: PR | T17: PR | AC17: PR-M | AD17: =IFERROR(AVERAGE(G17,L17,Q17,V17),"")
E18: =SUM(E5:E16) | J18: =SUM(J5:J16) | O18: =SUM(O5:O16) | T18: =SUM(T5:T16) | Y18: =SUM(Y5:Y16)
L19: Son | M19: Estr | N19: Fad | O19: Dor | Q19: Média | T19: Teste de potência
A20: TERÇA-FEIRA | C20: DATA | Q20: =IFERROR(AVERAGE(L20:O20),"") | S20: =Q20
A21: Exercícios | B21: série 1 | G21: série 2 | L21: série 3 | Q21: série 4 | V21: série 5 | AA21: VEL (2x1) | AB21: VEL (3x1) | AC21: VEL (4x1) | AD21: VEL (5x1) | AG21: VTT-SESSÃO | AJ21: CARGA DE TREINO (U.A)
B22: nº reps | C22: peso(kg) | D22: veloc(s) | E22: VTT (sér) | G22: nº reps | H22: peso(kg) | I22: veloc(s) | J22: VTT (sér) | L22: nº reps | M22: peso(kg) | N22: veloc(s) | O22: VTT (sér) | Q22: nº reps | R22: peso(kg) | S22: veloc(s) | T22: VTT (sér) | V22: nº reps | W22: peso(kg) | X22: veloc(s) | Y22: VTT (sér) | AG22: =SUM(E36+J36+O36+T36+Y36) | AJ22: =AE23*AG25
E23: =B23*C23 | J23: =G23*H23 | O23: =L23*M23 | T23: =Q23*R23 | Y23: =V23*W23 | AA23: =IFERROR(((I23-D23)/D23)*100,"") | AB23: =IFERROR(((N23-D23)/D23)*100,"") | AC23: =IFERROR(((S23-D23)/D23)*100,"") | AD23: =IFERROR(((X23-D23)/D23)*100,"")
A24: Supino Inclinado Smith 30° | E24: =B24*C24 | J24: =G24*H24 | O24: =L24*M24 | T24: =Q24*R24 | Y24: =V24*W24 | AA24: =IFERROR(((I24-D24)/D24)*100,"") | AB24: =IFERROR(((N24-D24)/D24)*100,"") | AC24: =IFERROR(((S24-D24)/D24)*100,"") | AD24: =IFERROR(((X24-D24)/D24)*100,"") | AG24: Tempo total sessão (min)
A25: Fly Inclinado Banco 30° | E25: =B25*C25 | J25: =G25*H25 | O25: =L25*M25 | T25: =Q25*R25 | Y25: =V25*W25 | AA25: =IFERROR(((I25-D25)/D25)*100,"") | AB25: =IFERROR(((N25-D25)/D25)*100,"") | AC25: =IFERROR(((S25-D25)/D25)*100,"") | AD25: =IFERROR(((X25-D25)/D25)*100,"")
A26: Fly Reto | E26: =B26*C26 | J26: =G26*H26 | O26: =L26*M26 | T26: =Q26*R26 | Y26: =V26*W26 | AA26: =IFERROR(((I26-D26)/D26)*100,"") | AB26: =IFERROR(((N26-D26)/D26)*100,"") | AC26: =IFERROR(((S26-D26)/D26)*100,"") | AD26: =IFERROR(((X26-D26)/D26)*100,"")
A27: Cross-over | E27: =B27*C27 | J27: =G27*H27 | O27: =L27*M27 | T27: =Q27*R27 | Y27: =V27*W27 | AA27: =IFERROR(((I27-D27)/D27)*100,"") | AB27: =IFERROR(((N27-D27)/D27)*100,"") | AC27: =IFERROR(((S27-D27)/D27)*100,"") | AD27: =IFERROR(((X27-D27)/D27)*100,"")
A28: Crucifixo em Máquina | E28: =B28*C28 | J28: =G28*H28 | O28: =L28*M28 | T28: =Q28*R28 | Y28: =V28*W28 | AA28: =IFERROR(((I28-D28)/D28)*100,"") | AB28: =IFERROR(((N28-D28)/D28)*100,"") | AC28: =IFERROR(((S28-D28)/D28)*100,"") | AD28: =IFERROR(((X28-D28)/D28)*100,"")
A29: Elevação Frontal Corda | E29: =B29*C29 | J29: =G29*H29 | O29: =L29*M29 | T29: =Q29*R29 | Y29: =V29*W29 | AA29: =IFERROR(((I29-D29)/D29)*100,"") | AB29: =IFERROR(((N29-D29)/D29)*100,"") | AC29: =IFERROR(((S29-D29)/D29)*100,"") | AD29: =IFERROR(((X29-D29)/D29)*100,"")
A30: Flexão Quadril/Coluna Paralelas | E30: =B30*C30 | J30: =G30*H30 | O30: =L30*M30 | T30: =Q30*R30 | Y30: =V30*W30 | AA30: =IFERROR(((I30-D30)/D30)*100,"") | AB30: =IFERROR(((N30-D30)/D30)*100,"") | AC30: =IFERROR(((S30-D30)/D30)*100,"") | AD30: =IFERROR(((X30-D30)/D30)*100,"")
A31: Flexão de Coluna Máquina | E31: =B31*C31 | J31: =G31*H31 | O31: =L31*M31 | T31: =Q31*R31 | Y31: =V31*W31 | AA31: =IFERROR(((I31-D31)/D31)*100,"") | AB31: =IFERROR(((N31-D31)/D31)*100,"") | AC31: =IFERROR(((S31-D31)/D31)*100,"") | AD31: =IFERROR(((X31-D31)/D31)*100,"")
E32: =B32*C32 | J32: =G32*H32 | O32: =L32*M32 | T32: =Q32*R32 | Y32: =V32*W32 | AA32: =IFERROR(((I32-D32)/D32)*100,"") | AB32: =IFERROR(((N32-D32)/D32)*100,"") | AC32: =IFERROR(((S32-D32)/D32)*100,"") | AD32: =IFERROR(((X32-D32)/D32)*100,"")
E33: =B33*C33 | J33: =G33*H33 | O33: =L33*M33 | T33: =Q33*R33 | Y33: =V33*W33 | AA33: =IFERROR(((I33-D33)/D33)*100,"") | AB33: =IFERROR(((N33-D33)/D33)*100,"") | AC33: =IFERROR(((S33-D33)/D33)*100,"") | AD33: =IFERROR(((X33-D33)/D33)*100,"")
E34: =B34*C34 | J34: =G34*H34 | O34: =L34*M34 | T34: =Q34*R34 | Y34: =V34*W34 | AA34: =IFERROR(((I34-D34)/D34)*100,"") | AB34: =IFERROR(((N34-D34)/D34)*100,"") | AC34: =IFERROR(((S34-D34)/D34)*100,"") | AD34: =IFERROR(((X34-D34)/D34)*100,"") | AM34: =AG34*AG33 | AN34: =AH34*AH33 | AO34: =AJ34*AJ33 | AP34: =AK34*AK33 | AQ34: =AL34*AL33
E35: PR | J35: PR | O35: PR | T35: PR | AC35: PR-M | AD35: =IFERROR(AVERAGE(G35,L35,Q35,V35),"")
E36: =SUM(E23:E34) | J36: =SUM(J23:J34) | O36: =SUM(O23:O34) | T36: =SUM(T23:T34) | Y36: =SUM(Y23:Y34)
L37: Son | M37: Estr | N37: Fad | O37: Dor | Q37: Média | T37: Teste de potência
A38: QUARTA-FEIRA | C38: DATA | Q38: =IFERROR(AVERAGE(L38:O38),"") | S38: =Q38
A39: Exercícios | B39: série 1 | G39: série 2 | L39: série 3 | Q39: série 4 | V39: série 5 | AA39: VEL (2x1) | AB39: VEL (3x1) | AC39: VEL (4x1) | AD39: VEL (5x1) | AG39: VTT-SESSÃO | AJ39: CARGA DE TREINO (U.A)
B40: nº reps | C40: peso(kg) | D40: veloc(s) | E40: VTT (sér) | G40: nº reps | H40: peso(kg) | I40: veloc(s) | J40: VTT (sér) | L40: nº reps | M40: peso(kg) | N40: veloc(s) | O40: VTT (sér) | Q40: nº reps | R40: peso(kg) | S40: veloc(s) | T40: VTT (sér) | V40: nº reps | W40: peso(kg) | X40: veloc(s) | Y40: VTT (sér) | AG40: =SUM(E54+J54+O54+T54+Y54) | AJ40: =AE41*AG43
E41: =B41*C41 | J41: =G41*H41 | O41: =L41*M41 | T41: =Q41*R41 | Y41: =V41*W41 | AA41: =IFERROR(((I41-D41)/D41)*100,"") | AB41: =IFERROR(((N41-D41)/D41)*100,"") | AC41: =IFERROR(((S41-D41)/D41)*100,"") | AD41: =IFERROR(((X41-D41)/D41)*100,"")
A42: Barra Fixa Aberta (livre/gravitron) | E42: =B42*C42 | J42: =G42*H42 | O42: =L42*M42 | T42: =Q42*R42 | Y42: =V42*W42 | AA42: =IFERROR(((I42-D42)/D42)*100,"") | AB42: =IFERROR(((N42-D42)/D42)*100,"") | AC42: =IFERROR(((S42-D42)/D42)*100,"") | AD42: =IFERROR(((X42-D42)/D42)*100,"") | AG42: Tempo total sessão (min)
A43: Pulley Frente Aberto | E43: =B43*C43 | J43: =G43*H43 | O43: =L43*M43 | T43: =Q43*R43 | Y43: =V43*W43 | AA43: =IFERROR(((I43-D43)/D43)*100,"") | AB43: =IFERROR(((N43-D43)/D43)*100,"") | AC43: =IFERROR(((S43-D43)/D43)*100,"") | AD43: =IFERROR(((X43-D43)/D43)*100,"")
A44: Remada Cavalinho Fechada | E44: =B44*C44 | J44: =G44*H44 | O44: =L44*M44 | T44: =Q44*R44 | Y44: =V44*W44 | AA44: =IFERROR(((I44-D44)/D44)*100,"") | AB44: =IFERROR(((N44-D44)/D44)*100,"") | AC44: =IFERROR(((S44-D44)/D44)*100,"") | AD44: =IFERROR(((X44-D44)/D44)*100,"")
A45: Remada Máquina Pegada Neutra | E45: =B45*C45 | J45: =G45*H45 | O45: =L45*M45 | T45: =Q45*R45 | Y45: =V45*W45 | AA45: =IFERROR(((I45-D45)/D45)*100,"") | AB45: =IFERROR(((N45-D45)/D45)*100,"") | AC45: =IFERROR(((S45-D45)/D45)*100,"") | AD45: =IFERROR(((X45-D45)/D45)*100,"")
A46: Remada Curvada Aberta | E46: =B46*C46 | J46: =G46*H46 | O46: =L46*M46 | T46: =Q46*R46 | Y46: =V46*W46 | AA46: =IFERROR(((I46-D46)/D46)*100,"") | AB46: =IFERROR(((N46-D46)/D46)*100,"") | AC46: =IFERROR(((S46-D46)/D46)*100,"") | AD46: =IFERROR(((X46-D46)/D46)*100,"")
A47: Crucifixo Inverso Máquina | E47: =B47*C47 | J47: =G47*H47 | O47: =L47*M47 | T47: =Q47*R47 | Y47: =V47*W47 | AA47: =IFERROR(((I47-D47)/D47)*100,"") | AB47: =IFERROR(((N47-D47)/D47)*100,"") | AC47: =IFERROR(((S47-D47)/D47)*100,"") | AD47: =IFERROR(((X47-D47)/D47)*100,"")
A48: Extensão Coluna Banco Eretor | E48: =B48*C48 | J48: =G48*H48 | O48: =L48*M48 | T48: =Q48*R48 | Y48: =V48*W48 | AA48: =IFERROR(((I48-D48)/D48)*100,"") | AB48: =IFERROR(((N48-D48)/D48)*100,"") | AC48: =IFERROR(((S48-D48)/D48)*100,"") | AD48: =IFERROR(((X48-D48)/D48)*100,"")
E49: =B49*C49 | J49: =G49*H49 | O49: =L49*M49 | T49: =Q49*R49 | Y49: =V49*W49 | AA49: =IFERROR(((I49-D49)/D49)*100,"") | AB49: =IFERROR(((N49-D49)/D49)*100,"") | AC49: =IFERROR(((S49-D49)/D49)*100,"") | AD49: =IFERROR(((X49-D49)/D49)*100,"")
E50: =B50*C50 | J50: =G50*H50 | O50: =L50*M50 | T50: =Q50*R50 | Y50: =V50*W50 | AA50: =IFERROR(((I50-D50)/D50)*100,"") | AB50: =IFERROR(((N50-D50)/D50)*100,"") | AC50: =IFERROR(((S50-D50)/D50)*100,"") | AD50: =IFERROR(((X50-D50)/D50)*100,"")
E51: =B51*C51 | J51: =G51*H51 | O51: =L51*M51 | T51: =Q51*R51 | Y51: =V51*W51 | AA51: =IFERROR(((I51-D51)/D51)*100,"") | AB51: =IFERROR(((N51-D51)/D51)*100,"") | AC51: =IFERROR(((S51-D51)/D51)*100,"") | AD51: =IFERROR(((X51-D51)/D51)*100,"")
E52: =B52*C52 | J52: =G52*H52 | O52: =L52*M52 | T52: =Q52*R52 | Y52: =V52*W52 | AA52: =IFERROR(((I52-D52)/D52)*100,"") | AB52: =IFERROR(((N52-D52)/D52)*100,"") | AC52: =IFERROR(((S52-D52)/D52)*100,"") | AD52: =IFERROR(((X52-D52)/D52)*100,"") | AM52: =AG52*AG51 | AN52: =AH52*AH51 | AO52: =AJ52*AJ51 | AP52: =AK52*AK51 | AQ52: =AL52*AL51
E53: PR | J53: PR | O53: PR | T53: PR | AC53: PR-M | AD53: =IFERROR(AVERAGE(G53,L53,Q53,V53),"")
E54: =SUM(E41:E52) | J54: =SUM(J41:J52) | O54: =SUM(O41:O52) | T54: =SUM(T41:T52) | Y54: =SUM(Y41:Y52)
L55: Son | M55: Estr | N55: Fad | O55: Dor | Q55: Média | T55: Teste de potência
A56: QUINTA-FEIRA | C56: DATA | Q56: =IFERROR(AVERAGE(L56:O56),"") | S56: =Q56
A57: Exercícios | B57: série 1 | G57: série 2 | L57: série 3 | Q57: série 4 | V57: série 5 | AA57: VEL (2x1) | AB57: VEL (3x1) | AC57: VEL (4x1) | AD57: VEL (5x1) | AG57: VTT-SESSÃO | AJ57: CARGA DE TREINO (U.A)
B58: nº reps | C58: peso(kg) | D58: veloc(s) | E58: VTT (sér) | G58: nº reps | H58: peso(kg) | I58: veloc(s) | J58: VTT (sér) | L58: nº reps | M58: peso(kg) | N58: veloc(s) | O58: VTT (sér) | Q58: nº reps | R58: peso(kg) | S58: veloc(s) | T58: VTT (sér) | V58: nº reps | W58: peso(kg) | X58: veloc(s) | Y58: VTT (sér) | AG58: =SUM(E72+J72+O72+T72+Y72) | AJ58: =AE59*AG61
E59: =B59*C59 | J59: =G59*H59 | O59: =L59*M59 | T59: =Q59*R59 | Y59: =V59*W59 | AA59: =IFERROR(((I59-D59)/D59)*100,"") | AB59: =IFERROR(((N59-D59)/D59)*100,"") | AC59: =IFERROR(((S59-D59)/D59)*100,"") | AD59: =IFERROR(((X59-D59)/D59)*100,"")
A60: Cadeira Abdutora 90° | E60: =B60*C60 | J60: =G60*H60 | O60: =L60*M60 | T60: =Q60*R60 | Y60: =V60*W60 | AA60: =IFERROR(((I60-D60)/D60)*100,"") | AB60: =IFERROR(((N60-D60)/D60)*100,"") | AC60: =IFERROR(((S60-D60)/D60)*100,"") | AD60: =IFERROR(((X60-D60)/D60)*100,"") | AG60: Tempo total sessão (min)
A61: Elevação Pélvica Máquina | E61: =B61*C61 | J61: =G61*H61 | O61: =L61*M61 | T61: =Q61*R61 | Y61: =V61*W61 | AA61: =IFERROR(((I61-D61)/D61)*100,"") | AB61: =IFERROR(((N61-D61)/D61)*100,"") | AC61: =IFERROR(((S61-D61)/D61)*100,"") | AD61: =IFERROR(((X61-D61)/D61)*100,"")
A62: Levantamento Terra | E62: =B62*C62 | J62: =G62*H62 | O62: =L62*M62 | T62: =Q62*R62 | Y62: =V62*W62 | AA62: =IFERROR(((I62-D62)/D62)*100,"") | AB62: =IFERROR(((N62-D62)/D62)*100,"") | AC62: =IFERROR(((S62-D62)/D62)*100,"") | AD62: =IFERROR(((X62-D62)/D62)*100,"")
A63: Stiff c/ Barra | E63: =B63*C63 | J63: =G63*H63 | O63: =L63*M63 | T63: =Q63*R63 | Y63: =V63*W63 | AA63: =IFERROR(((I63-D63)/D63)*100,"") | AB63: =IFERROR(((N63-D63)/D63)*100,"") | AC63: =IFERROR(((S63-D63)/D63)*100,"") | AD63: =IFERROR(((X63-D63)/D63)*100,"")
A64: Mesa Flexora | E64: =B64*C64 | J64: =G64*H64 | O64: =L64*M64 | T64: =Q64*R64 | Y64: =V64*W64 | AA64: =IFERROR(((I64-D64)/D64)*100,"") | AB64: =IFERROR(((N64-D64)/D64)*100,"") | AC64: =IFERROR(((S64-D64)/D64)*100,"") | AD64: =IFERROR(((X64-D64)/D64)*100,"")
A65: Cadeira Flexora | E65: =B65*C65 | J65: =G65*H65 | O65: =L65*M65 | T65: =Q65*R65 | Y65: =V65*W65 | AA65: =IFERROR(((I65-D65)/D65)*100,"") | AB65: =IFERROR(((N65-D65)/D65)*100,"") | AC65: =IFERROR(((S65-D65)/D65)*100,"") | AD65: =IFERROR(((X65-D65)/D65)*100,"")
A66: Gêmeos Sentado | E66: =B66*C66 | J66: =G66*H66 | O66: =L66*M66 | T66: =Q66*R66 | Y66: =V66*W66 | AA66: =IFERROR(((I66-D66)/D66)*100,"") | AB66: =IFERROR(((N66-D66)/D66)*100,"") | AC66: =IFERROR(((S66-D66)/D66)*100,"") | AD66: =IFERROR(((X66-D66)/D66)*100,"")
A67: Gêmeos Máquina em Pé | E67: =B67*C67 | J67: =G67*H67 | O67: =L67*M67 | T67: =Q67*R67 | Y67: =V67*W67 | AA67: =IFERROR(((I67-D67)/D67)*100,"") | AB67: =IFERROR(((N67-D67)/D67)*100,"") | AC67: =IFERROR(((S67-D67)/D67)*100,"") | AD67: =IFERROR(((X67-D67)/D67)*100,"")
E68: =B68*C68 | J68: =G68*H68 | O68: =L68*M68 | T68: =Q68*R68 | Y68: =V68*W68 | AA68: =IFERROR(((I68-D68)/D68)*100,"") | AB68: =IFERROR(((N68-D68)/D68)*100,"") | AC68: =IFERROR(((S68-D68)/D68)*100,"") | AD68: =IFERROR(((X68-D68)/D68)*100,"")
E69: =B69*C69 | J69: =G69*H69 | O69: =L69*M69 | T69: =Q69*R69 | Y69: =V69*W69 | AA69: =IFERROR(((I69-D69)/D69)*100,"") | AB69: =IFERROR(((N69-D69)/D69)*100,"") | AC69: =IFERROR(((S69-D69)/D69)*100,"") | AD69: =IFERROR(((X69-D69)/D69)*100,"")
E70: =B70*C70 | J70: =G70*H70 | O70: =L70*M70 | T70: =Q70*R70 | Y70: =V70*W70 | AA70: =IFERROR(((I70-D70)/D70)*100,"") | AB70: =IFERROR(((N70-D70)/D70)*100,"") | AC70: =IFERROR(((S70-D70)/D70)*100,"") | AD70: =IFERROR(((X70-D70)/D70)*100,"") | AM70: =AG70*AG69 | AN70: =AH70*AH69 | AO70: =AJ70*AJ69 | AP70: =AK70*AK69 | AQ70: =AL70*AL69
E71: PR | J71: PR | O71: PR | T71: PR | AC71: PR-M | AD71: =IFERROR(AVERAGE(G71,L71,Q71,V71),"")
E72: =SUM(E59:E70) | J72: =SUM(J59:J70) | O72: =SUM(O59:O70) | T72: =SUM(T59:T70) | Y72: =SUM(Y59:Y70)
L73: Son | M73: Estr | N73: Fad | O73: Dor | Q73: Média | T73: Teste de potência
A74: SEXTA-FEIRA | C74: DATA | Q74: =IFERROR(AVERAGE(L74:O74),"") | S74: =Q74
A75: Exercícios | B75: série 1 | G75: série 2 | L75: série 3 | Q75: série 4 | V75: série 5 | AA75: VEL (2x1) | AB75: VEL (3x1) | AC75: VEL (4x1) | AD75: VEL (5x1) | AG75: VTT-SESSÃO | AJ75: CARGA DE TREINO (U.A)
B76: nº reps | C76: peso(kg) | D76: veloc(s) | E76: VTT (sér) | G76: nº reps | H76: peso(kg) | I76: veloc(s) | J76: VTT (sér) | L76: nº reps | M76: peso(kg) | N76: veloc(s) | O76: VTT (sér) | Q76: nº reps | R76: peso(kg) | S76: veloc(s) | T76: VTT (sér) | V76: nº reps | W76: peso(kg) | X76: veloc(s) | Y76: VTT (sér) | AG76: =SUM(E90+J90+O90+T90+Y90) | AJ76: =AE77*AG79
E77: =B77*C77 | J77: =G77*H77 | O77: =L77*M77 | T77: =Q77*R77 | Y77: =V77*W77 | AA77: =IFERROR(((I77-D77)/D77)*100,"") | AB77: =IFERROR(((N77-D77)/D77)*100,"") | AC77: =IFERROR(((S77-D77)/D77)*100,"") | AD77: =IFERROR(((X77-D77)/D77)*100,"")
A78: Desenvolvimento Livre | E78: =B78*C78 | J78: =G78*H78 | O78: =L78*M78 | T78: =Q78*R78 | Y78: =V78*W78 | AA78: =IFERROR(((I78-D78)/D78)*100,"") | AB78: =IFERROR(((N78-D78)/D78)*100,"") | AC78: =IFERROR(((S78-D78)/D78)*100,"") | AD78: =IFERROR(((X78-D78)/D78)*100,"") | AG78: Tempo total sessão (min)
A79: Remada Alta Aberta até 90° | E79: =B79*C79 | J79: =G79*H79 | O79: =L79*M79 | T79: =Q79*R79 | Y79: =V79*W79 | AA79: =IFERROR(((I79-D79)/D79)*100,"") | AB79: =IFERROR(((N79-D79)/D79)*100,"") | AC79: =IFERROR(((S79-D79)/D79)*100,"") | AD79: =IFERROR(((X79-D79)/D79)*100,"")
A80: Elevação Lateral Unilateral Banco 45° | E80: =B80*C80 | J80: =G80*H80 | O80: =L80*M80 | T80: =Q80*R80 | Y80: =V80*W80 | AA80: =IFERROR(((I80-D80)/D80)*100,"") | AB80: =IFERROR(((N80-D80)/D80)*100,"") | AC80: =IFERROR(((S80-D80)/D80)*100,"") | AD80: =IFERROR(((X80-D80)/D80)*100,"")
A81: Elevação Lateral Unilateral Polia | E81: =B81*C81 | J81: =G81*H81 | O81: =L81*M81 | T81: =Q81*R81 | Y81: =V81*W81 | AA81: =IFERROR(((I81-D81)/D81)*100,"") | AB81: =IFERROR(((N81-D81)/D81)*100,"") | AC81: =IFERROR(((S81-D81)/D81)*100,"") | AD81: =IFERROR(((X81-D81)/D81)*100,"")
A82: Elevação Lateral em Pé | E82: =B82*C82 | J82: =G82*H82 | O82: =L82*M82 | T82: =Q82*R82 | Y82: =V82*W82 | AA82: =IFERROR(((I82-D82)/D82)*100,"") | AB82: =IFERROR(((N82-D82)/D82)*100,"") | AC82: =IFERROR(((S82-D82)/D82)*100,"") | AD82: =IFERROR(((X82-D82)/D82)*100,"")
A83: Encolhimento Smith | E83: =B83*C83 | J83: =G83*H83 | O83: =L83*M83 | T83: =Q83*R83 | Y83: =V83*W83 | AA83: =IFERROR(((I83-D83)/D83)*100,"") | AB83: =IFERROR(((N83-D83)/D83)*100,"") | AC83: =IFERROR(((S83-D83)/D83)*100,"") | AD83: =IFERROR(((X83-D83)/D83)*100,"")
A84: Flexão Quadril/Coluna Paralelas | E84: =B84*C84 | J84: =G84*H84 | O84: =L84*M84 | T84: =Q84*R84 | Y84: =V84*W84 | AA84: =IFERROR(((I84-D84)/D84)*100,"") | AB84: =IFERROR(((N84-D84)/D84)*100,"") | AC84: =IFERROR(((S84-D84)/D84)*100,"") | AD84: =IFERROR(((X84-D84)/D84)*100,"")
A85: Flexão de Coluna Máquina | E85: =B85*C85 | J85: =G85*H85 | O85: =L85*M85 | T85: =Q85*R85 | Y85: =V85*W85 | AA85: =IFERROR(((I85-D85)/D85)*100,"") | AB85: =IFERROR(((N85-D85)/D85)*100,"") | AC85: =IFERROR(((S85-D85)/D85)*100,"") | AD85: =IFERROR(((X85-D85)/D85)*100,"")
E86: =B86*C86 | J86: =G86*H86 | O86: =L86*M86 | T86: =Q86*R86 | Y86: =V86*W86 | AA86: =IFERROR(((I86-D86)/D86)*100,"") | AB86: =IFERROR(((N86-D86)/D86)*100,"") | AC86: =IFERROR(((S86-D86)/D86)*100,"") | AD86: =IFERROR(((X86-D86)/D86)*100,"")
E87: =B87*C87 | J87: =G87*H87 | O87: =L87*M87 | T87: =Q87*R87 | Y87: =V87*W87 | AA87: =IFERROR(((I87-D87)/D87)*100,"") | AB87: =IFERROR(((N87-D87)/D87)*100,"") | AC87: =IFERROR(((S87-D87)/D87)*100,"") | AD87: =IFERROR(((X87-D87)/D87)*100,"")
E88: =B88*C88 | J88: =G88*H88 | O88: =L88*M88 | T88: =Q88*R88 | Y88: =V88*W88 | AA88: =IFERROR(((I88-D88)/D88)*100,"") | AB88: =IFERROR(((N88-D88)/D88)*100,"") | AC88: =IFERROR(((S88-D88)/D88)*100,"") | AD88: =IFERROR(((X88-D88)/D88)*100,"") | AM88: =AG88*AG87 | AN88: =AH88*AH87 | AO88: =AJ88*AJ87 | AP88: =AK88*AK87 | AQ88: =AL88*AL87
E89: PR | J89: PR | O89: PR | T89: PR | AC89: PR-M | AD89: =IFERROR(AVERAGE(G89,L89,Q89,V89),"")
E90: =SUM(E77:E88) | J90: =SUM(J77:J88) | O90: =SUM(O77:O88) | T90: =SUM(T77:T88) | Y90: =SUM(Y77:Y88)
L91: Son | M91: Estr | N91: Fad | O91: Dor | Q91: Média | T91: Teste de potência
A92: SÁBADO | C92: DATA | Q92: =IFERROR(AVERAGE(L92:O92),"") | S92: =Q92
A93: Exercícios | B93: série 1 | G93: série 2 | L93: série 3 | Q93: série 4 | V93: série 5 | AA93: VEL (2x1) | AB93: VEL (3x1) | AC93: VEL (4x1) | AD93: VEL (5x1) | AG93: VTT-SESSÃO | AJ93: CARGA DE TREINO (U.A)
B94: nº reps | C94: peso(kg) | D94: veloc(s) | E94: VTT (sér) | G94: nº reps | H94: peso(kg) | I94: veloc(s) | J94: VTT (sér) | L94: nº reps | M94: peso(kg) | N94: veloc(s) | O94: VTT (sér) | Q94: nº reps | R94: peso(kg) | S94: veloc(s) | T94: VTT (sér) | V94: nº reps | W94: peso(kg) | X94: veloc(s) | Y94: VTT (sér) | AG94: =SUM(E108+J108+O108+T108+Y108) | AJ94: =AE95*AG97
E95: =B95*C95 | J95: =G95*H95 | O95: =L95*M95 | T95: =Q95*R95 | Y95: =V95*W95 | AA95: =IFERROR(((I95-D95)/D95)*100,"") | AB95: =IFERROR(((N95-D95)/D95)*100,"") | AC95: =IFERROR(((S95-D95)/D95)*100,"") | AD95: =IFERROR(((X95-D95)/D95)*100,"")
A96: Rosca Direta Barra W | E96: =B96*C96 | J96: =G96*H96 | O96: =L96*M96 | T96: =Q96*R96 | Y96: =V96*W96 | AA96: =IFERROR(((I96-D96)/D96)*100,"") | AB96: =IFERROR(((N96-D96)/D96)*100,"") | AC96: =IFERROR(((S96-D96)/D96)*100,"") | AD96: =IFERROR(((X96-D96)/D96)*100,"") | AG96: Tempo total sessão (min)
A97: Rosca Sentado Máquina | E97: =B97*C97 | J97: =G97*H97 | O97: =L97*M97 | T97: =Q97*R97 | Y97: =V97*W97 | AA97: =IFERROR(((I97-D97)/D97)*100,"") | AB97: =IFERROR(((N97-D97)/D97)*100,"") | AC97: =IFERROR(((S97-D97)/D97)*100,"") | AD97: =IFERROR(((X97-D97)/D97)*100,"")
A98: Rosca Simultâneo 45° + Apoio Tórax 30° | E98: =B98*C98 | J98: =G98*H98 | O98: =L98*M98 | T98: =Q98*R98 | Y98: =V98*W98 | AA98: =IFERROR(((I98-D98)/D98)*100,"") | AB98: =IFERROR(((N98-D98)/D98)*100,"") | AC98: =IFERROR(((S98-D98)/D98)*100,"") | AD98: =IFERROR(((X98-D98)/D98)*100,"")
A99: Coice Unilateral | E99: =B99*C99 | J99: =G99*H99 | O99: =L99*M99 | T99: =Q99*R99 | Y99: =V99*W99 | AA99: =IFERROR(((I99-D99)/D99)*100,"") | AB99: =IFERROR(((N99-D99)/D99)*100,"") | AC99: =IFERROR(((S99-D99)/D99)*100,"") | AD99: =IFERROR(((X99-D99)/D99)*100,"")
A100: Tríceps Pulley Pronado | E100: =B100*C100 | J100: =G100*H100 | O100: =L100*M100 | T100: =Q100*R100 | Y100: =V100*W100 | AA100: =IFERROR(((I100-D100)/D100)*100,"") | AB100: =IFERROR(((N100-D100)/D100)*100,"") | AC100: =IFERROR(((S100-D100)/D100)*100,"") | AD100: =IFERROR(((X100-D100)/D100)*100,"")
...

Sheet SEM 5
A1: SEMANA 5 | L1: Son | M1: Estr | N1: Fad | O1: Dor | Q1: Média | T1: Teste de potência
A2: SEGUNDA-FEIRA | C2: DATA | Q2: =IFERROR(AVERAGE(L2:O2),"") | S2: =Q2
A3: Exercícios | B3: série 1 | G3: série 2 | L3: série 3 | Q3: série 4 | V3: série 5 | AA3: VEL (2x1) | AB3: VEL (3x1) | AC3: VEL (4x1) | AD3: VEL (5x1) | AG3: VTT-SESSÃO | AJ3: CARGA DE TREINO (U.A)
B4: nº reps | C4: peso(kg) | D4: veloc(s) | E4: VTT (sér) | G4: nº reps | H4: peso(kg) | I4: veloc(s) | J4: VTT (sér) | L4: nº reps | M4: peso(kg) | N4: veloc(s) | O4: VTT (sér) | Q4: nº reps | R4: peso(kg) | S4: veloc(s) | T4: VTT (sér) | V4: nº reps | W4: peso(kg) | X4: veloc(s) | Y4: VTT (sér) | AG4: =SUM(E18+J18+O18+T18+Y18) | AJ4: =AE5*AG7
E5: =B5*C5 | J5: =G5*H5 | O5: =L5*M5 | T5: =Q5*R5 | Y5: =V5*W5 | AA5: =IFERROR(((I5-D5)/D5)*100,"") | AB5: =IFERROR(((N5-D5)/D5)*100,"") | AC5: =IFERROR(((S5-D5)/D5)*100,"") | AD5: =IFERROR(((X5-D5)/D5)*100,"")
A6: Cadeira Abdutora 90° | E6: =B6*C6 | J6: =G6*H6 | O6: =L6*M6 | T6: =Q6*R6 | Y6: =V6*W6 | AA6: =IFERROR(((I6-D6)/D6)*100,"") | AB6: =IFERROR(((N6-D6)/D6)*100,"") | AC6: =IFERROR(((S6-D6)/D6)*100,"") | AD6: =IFERROR(((X6-D6)/D6)*100,"") | AG6: Tempo total sessão (min)
A7: Elevação Pélvica (livre/máq) | E7: =B7*C7 | J7: =G7*H7 | O7: =L7*M7 | T7: =Q7*R7 | Y7: =V7*W7 | AA7: =IFERROR(((I7-D7)/D7)*100,"") | AB7: =IFERROR(((N7-D7)/D7)*100,"") | AC7: =IFERROR(((S7-D7)/D7)*100,"") | AD7: =IFERROR(((X7-D7)/D7)*100,"")
A8: Afundo no Smith | E8: =B8*C8 | J8: =G8*H8 | O8: =L8*M8 | T8: =Q8*R8 | Y8: =V8*W8 | AA8: =IFERROR(((I8-D8)/D8)*100,"") | AB8: =IFERROR(((N8-D8)/D8)*100,"") | AC8: =IFERROR(((S8-D8)/D8)*100,"") | AD8: =IFERROR(((X8-D8)/D8)*100,"")
A9: Agachamento Livre | E9: =B9*C9 | J9: =G9*H9 | O9: =L9*M9 | T9: =Q9*R9 | Y9: =V9*W9 | AA9: =IFERROR(((I9-D9)/D9)*100,"") | AB9: =IFERROR(((N9-D9)/D9)*100,"") | AC9: =IFERROR(((S9-D9)/D9)*100,"") | AD9: =IFERROR(((X9-D9)/D9)*100,"")
A10: Leg Press 45° | E10: =B10*C10 | J10: =G10*H10 | O10: =L10*M10 | T10: =Q10*R10 | Y10: =V10*W10 | AA10: =IFERROR(((I10-D10)/D10)*100,"") | AB10: =IFERROR(((N10-D10)/D10)*100,"") | AC10: =IFERROR(((S10-D10)/D10)*100,"") | AD10: =IFERROR(((X10-D10)/D10)*100,"")
A11: Cadeira Extensora | E11: =B11*C11 | J11: =G11*H11 | O11: =L11*M11 | T11: =Q11*R11 | Y11: =V11*W11 | AA11: =IFERROR(((I11-D11)/D11)*100,"") | AB11: =IFERROR(((N11-D11)/D11)*100,"") | AC11: =IFERROR(((S11-D11)/D11)*100,"") | AD11: =IFERROR(((X11-D11)/D11)*100,"")
A12: Gêmeos Sentado | E12: =B12*C12 | J12: =G12*H12 | O12: =L12*M12 | T12: =Q12*R12 | Y12: =V12*W12 | AA12: =IFERROR(((I12-D12)/D12)*100,"") | AB12: =IFERROR(((N12-D12)/D12)*100,"") | AC12: =IFERROR(((S12-D12)/D12)*100,"") | AD12: =IFERROR(((X12-D12)/D12)*100,"")
A13: Gêmeos Máquina em Pé | E13: =B13*C13 | J13: =G13*H13 | O13: =L13*M13 | T13: =Q13*R13 | Y13: =V13*W13 | AA13: =IFERROR(((I13-D13)/D13)*100,"") | AB13: =IFERROR(((N13-D13)/D13)*100,"") | AC13: =IFERROR(((S13-D13)/D13)*100,"") | AD13: =IFERROR(((X13-D13)/D13)*100,"")
E14: =B14*C14 | J14: =G14*H14 | O14: =L14*M14 | T14: =Q14*R14 | Y14: =V14*W14 | AA14: =IFERROR(((I14-D14)/D14)*100,"") | AB14: =IFERROR(((N14-D14)/D14)*100,"") | AC14: =IFERROR(((S14-D14)/D14)*100,"") | AD14: =IFERROR(((X14-D14)/D14)*100,"")
E15: =B15*C15 | J15: =G15*H15 | O15: =L15*M15 | T15: =Q15*R15 | Y15: =V15*W15 | AA15: =IFERROR(((I15-D15)/D15)*100,"") | AB15: =IFERROR(((N15-D15)/D15)*100,"") | AC15: =IFERROR(((S15-D15)/D15)*100,"") | AD15: =IFERROR(((X15-D15)/D15)*100,"")
E16: =B16*C16 | J16: =G16*H16 | O16: =L16*M16 | T16: =Q16*R16 | Y16: =V16*W16 | AA16: =IFERROR(((I16-D16)/D16)*100,"") | AB16: =IFERROR(((N16-D16)/D16)*100,"") | AC16: =IFERROR(((S16-D16)/D16)*100,"") | AD16: =IFERROR(((X16-D16)/D16)*100,"") | AN16: =AH16*AH15 | AO16: =AJ16*AJ15 | AP16: =AK16*AK15 | AQ16: =AL16*AL15
E17: PR | J17: PR | O17: PR | T17: PR | AC17: PR-M | AD17: =IFERROR(AVERAGE(G17,L17,Q17,V17),"")
E18: =SUM(E5:E16) | J18: =SUM(J5:J16) | O18: =SUM(O5:O16) | T18: =SUM(T5:T16) | Y18: =SUM(Y5:Y16)
L19: Son | M19: Estr | N19: Fad | O19: Dor | Q19: Média | T19: Teste de potência
A20: TERÇA-FEIRA | C20: DATA | Q20: =IFERROR(AVERAGE(L20:O20),"") | S20: =Q20
A21: Exercícios | B21: série 1 | G21: série 2 | L21: série 3 | Q21: série 4 | V21: série 5 | AA21: VEL (2x1) | AB21: VEL (3x1) | AC21: VEL (4x1) | AD21: VEL (5x1) | AG21: VTT-SESSÃO | AJ21: CARGA DE TREINO (U.A)
B22: nº reps | C22: peso(kg) | D22: veloc(s) | E22: VTT (sér) | G22: nº reps | H22: peso(kg) | I22: veloc(s) | J22: VTT (sér) | L22: nº reps | M22: peso(kg) | N22: veloc(s) | O22: VTT (sér) | Q22: nº reps | R22: peso(kg) | S22: veloc(s) | T22: VTT (sér) | V22: nº reps | W22: peso(kg) | X22: veloc(s) | Y22: VTT (sér) | AG22: =SUM(E36+J36+O36+T36+Y36) | AJ22: =AE23*AG25
E23: =B23*C23 | J23: =G23*H23 | O23: =L23*M23 | T23: =Q23*R23 | Y23: =V23*W23 | AA23: =IFERROR(((I23-D23)/D23)*100,"") | AB23: =IFERROR(((N23-D23)/D23)*100,"") | AC23: =IFERROR(((S23-D23)/D23)*100,"") | AD23: =IFERROR(((X23-D23)/D23)*100,"")
A24: Supino Inclinado Smith 30° | E24: =B24*C24 | J24: =G24*H24 | O24: =L24*M24 | T24: =Q24*R24 | Y24: =V24*W24 | AA24: =IFERROR(((I24-D24)/D24)*100,"") | AB24: =IFERROR(((N24-D24)/D24)*100,"") | AC24: =IFERROR(((S24-D24)/D24)*100,"") | AD24: =IFERROR(((X24-D24)/D24)*100,"") | AG24: Tempo total sessão (min)
A25: Fly Inclinado Banco 30° | E25: =B25*C25 | J25: =G25*H25 | O25: =L25*M25 | T25: =Q25*R25 | Y25: =V25*W25 | AA25: =IFERROR(((I25-D25)/D25)*100,"") | AB25: =IFERROR(((N25-D25)/D25)*100,"") | AC25: =IFERROR(((S25-D25)/D25)*100,"") | AD25: =IFERROR(((X25-D25)/D25)*100,"")
A26: Fly Reto | E26: =B26*C26 | J26: =G26*H26 | O26: =L26*M26 | T26: =Q26*R26 | Y26: =V26*W26 | AA26: =IFERROR(((I26-D26)/D26)*100,"") | AB26: =IFERROR(((N26-D26)/D26)*100,"") | AC26: =IFERROR(((S26-D26)/D26)*100,"") | AD26: =IFERROR(((X26-D26)/D26)*100,"")
A27: Cross-over | E27: =B27*C27 | J27: =G27*H27 | O27: =L27*M27 | T27: =Q27*R27 | Y27: =V27*W27 | AA27: =IFERROR(((I27-D27)/D27)*100,"") | AB27: =IFERROR(((N27-D27)/D27)*100,"") | AC27: =IFERROR(((S27-D27)/D27)*100,"") | AD27: =IFERROR(((X27-D27)/D27)*100,"")
A28: Crucifixo em Máquina | E28: =B28*C28 | J28: =G28*H28 | O28: =L28*M28 | T28: =Q28*R28 | Y28: =V28*W28 | AA28: =IFERROR(((I28-D28)/D28)*100,"") | AB28: =IFERROR(((N28-D28)/D28)*100,"") | AC28: =IFERROR(((S28-D28)/D28)*100,"") | AD28: =IFERROR(((X28-D28)/D28)*100,"")
A29: Elevação Frontal Corda | E29: =B29*C29 | J29: =G29*H29 | O29: =L29*M29 | T29: =Q29*R29 | Y29: =V29*W29 | AA29: =IFERROR(((I29-D29)/D29)*100,"") | AB29: =IFERROR(((N29-D29)/D29)*100,"") | AC29: =IFERROR(((S29-D29)/D29)*100,"") | AD29: =IFERROR(((X29-D29)/D29)*100,"")
A30: Flexão Quadril/Coluna Paralelas | E30: =B30*C30 | J30: =G30*H30 | O30: =L30*M30 | T30: =Q30*R30 | Y30: =V30*W30 | AA30: =IFERROR(((I30-D30)/D30)*100,"") | AB30: =IFERROR(((N30-D30)/D30)*100,"") | AC30: =IFERROR(((S30-D30)/D30)*100,"") | AD30: =IFERROR(((X30-D30)/D30)*100,"")
A31: Flexão de Coluna Máquina | E31: =B31*C31 | J31: =G31*H31 | O31: =L31*M31 | T31: =Q31*R31 | Y31: =V31*W31 | AA31: =IFERROR(((I31-D31)/D31)*100,"") | AB31: =IFERROR(((N31-D31)/D31)*100,"") | AC31: =IFERROR(((S31-D31)/D31)*100,"") | AD31: =IFERROR(((X31-D31)/D31)*100,"")
E32: =B32*C32 | J32: =G32*H32 | O32: =L32*M32 | T32: =Q32*R32 | Y32: =V32*W32 | AA32: =IFERROR(((I32-D32)/D32)*100,"") | AB32: =IFERROR(((N32-D32)/D32)*100,"") | AC32: =IFERROR(((S32-D32)/D32)*100,"") | AD32: =IFERROR(((X32-D32)/D32)*100,"")
E33: =B33*C33 | J33: =G33*H33 | O33: =L33*M33 | T33: =Q33*R33 | Y33: =V33*W33 | AA33: =IFERROR(((I33-D33)/D33)*100,"") | AB33: =IFERROR(((N33-D33)/D33)*100,"") | AC33: =IFERROR(((S33-D33)/D33)*100,"") | AD33: =IFERROR(((X33-D33)/D33)*100,"")
E34: =B34*C34 | J34: =G34*H34 | O34: =L34*M34 | T34: =Q34*R34 | Y34: =V34*W34 | AA34: =IFERROR(((I34-D34)/D34)*100,"") | AB34: =IFERROR(((N34-D34)/D34)*100,"") | AC34: =IFERROR(((S34-D34)/D34)*100,"") | AD34: =IFERROR(((X34-D34)/D34)*100,"") | AM34: =AG34*AG33 | AN34: =AH34*AH33 | AO34: =AJ34*AJ33 | AP34: =AK34*AK33 | AQ34: =AL34*AL33
E35: PR | J35: PR | O35: PR | T35: PR | AC35: PR-M | AD35: =IFERROR(AVERAGE(G35,L35,Q35,V35),"")
E36: =SUM(E23:E34) | J36: =SUM(J23:J34) | O36: =SUM(O23:O34) | T36: =SUM(T23:T34) | Y36: =SUM(Y23:Y34)
L37: Son | M37: Estr | N37: Fad | O37: Dor | Q37: Média | T37: Teste de potência
A38: QUARTA-FEIRA | C38: DATA | Q38: =IFERROR(AVERAGE(L38:O38),"") | S38: =Q38
A39: Exercícios | B39: série 1 | G39: série 2 | L39: série 3 | Q39: série 4 | V39: série 5 | AA39: VEL (2x1) | AB39: VEL (3x1) | AC39: VEL (4x1) | AD39: VEL (5x1) | AG39: VTT-SESSÃO | AJ39: CARGA DE TREINO (U.A)
B40: nº reps | C40: peso(kg) | D40: veloc(s) | E40: VTT (sér) | G40: nº reps | H40: peso(kg) | I40: veloc(s) | J40: VTT (sér) | L40: nº reps | M40: peso(kg) | N40: veloc(s) | O40: VTT (sér) | Q40: nº reps | R40: peso(kg) | S40: veloc(s) | T40: VTT (sér) | V40: nº reps | W40: peso(kg) | X40: veloc(s) | Y40: VTT (sér) | AG40: =SUM(E54+J54+O54+T54+Y54) | AJ40: =AE41*AG43
E41: =B41*C41 | J41: =G41*H41 | O41: =L41*M41 | T41: =Q41*R41 | Y41: =V41*W41 | AA41: =IFERROR(((I41-D41)/D41)*100,"") | AB41: =IFERROR(((N41-D41)/D41)*100,"") | AC41: =IFERROR(((S41-D41)/D41)*100,"") | AD41: =IFERROR(((X41-D41)/D41)*100,"")
A42: Barra Fixa Aberta (livre/gravitron) | E42: =B42*C42 | J42: =G42*H42 | O42: =L42*M42 | T42: =Q42*R42 | Y42: =V42*W42 | AA42: =IFERROR(((I42-D42)/D42)*100,"") | AB42: =IFERROR(((N42-D42)/D42)*100,"") | AC42: =IFERROR(((S42-D42)/D42)*100,"") | AD42: =IFERROR(((X42-D42)/D42)*100,"") | AG42: Tempo total sessão (min)
A43: Pulley Frente Aberto | E43: =B43*C43 | J43: =G43*H43 | O43: =L43*M43 | T43: =Q43*R43 | Y43: =V43*W43 | AA43: =IFERROR(((I43-D43)/D43)*100,"") | AB43: =IFERROR(((N43-D43)/D43)*100,"") | AC43: =IFERROR(((S43-D43)/D43)*100,"") | AD43: =IFERROR(((X43-D43)/D43)*100,"")
A44: Remada Cavalinho Fechada | E44: =B44*C44 | J44: =G44*H44 | O44: =L44*M44 | T44: =Q44*R44 | Y44: =V44*W44 | AA44: =IFERROR(((I44-D44)/D44)*100,"") | AB44: =IFERROR(((N44-D44)/D44)*100,"") | AC44: =IFERROR(((S44-D44)/D44)*100,"") | AD44: =IFERROR(((X44-D44)/D44)*100,"")
A45: Remada Máquina Pegada Neutra | E45: =B45*C45 | J45: =G45*H45 | O45: =L45*M45 | T45: =Q45*R45 | Y45: =V45*W45 | AA45: =IFERROR(((I45-D45)/D45)*100,"") | AB45: =IFERROR(((N45-D45)/D45)*100,"") | AC45: =IFERROR(((S45-D45)/D45)*100,"") | AD45: =IFERROR(((X45-D45)/D45)*100,"")
A46: Remada Curvada Aberta | E46: =B46*C46 | J46: =G46*H46 | O46: =L46*M46 | T46: =Q46*R46 | Y46: =V46*W46 | AA46: =IFERROR(((I46-D46)/D46)*100,"") | AB46: =IFERROR(((N46-D46)/D46)*100,"") | AC46: =IFERROR(((S46-D46)/D46)*100,"") | AD46: =IFERROR(((X46-D46)/D46)*100,"")
A47: Crucifixo Inverso Máquina | E47: =B47*C47 | J47: =G47*H47 | O47: =L47*M47 | T47: =Q47*R47 | Y47: =V47*W47 | AA47: =IFERROR(((I47-D47)/D47)*100,"") | AB47: =IFERROR(((N47-D47)/D47)*100,"") | AC47: =IFERROR(((S47-D47)/D47)*100,"") | AD47: =IFERROR(((X47-D47)/D47)*100,"")
A48: Extensão Coluna Banco Eretor | E48: =B48*C48 | J48: =G48*H48 | O48: =L48*M48 | T48: =Q48*R48 | Y48: =V48*W48 | AA48: =IFERROR(((I48-D48)/D48)*100,"") | AB48: =IFERROR(((N48-D48)/D48)*100,"") | AC48: =IFERROR(((S48-D48)/D48)*100,"") | AD48: =IFERROR(((X48-D48)/D48)*100,"")
E49: =B49*C49 | J49: =G49*H49 | O49: =L49*M49 | T49: =Q49*R49 | Y49: =V49*W49 | AA49: =IFERROR(((I49-D49)/D49)*100,"") | AB49: =IFERROR(((N49-D49)/D49)*100,"") | AC49: =IFERROR(((S49-D49)/D49)*100,"") | AD49: =IFERROR(((X49-D49)/D49)*100,"")
E50: =B50*C50 | J50: =G50*H50 | O50: =L50*M50 | T50: =Q50*R50 | Y50: =V50*W50 | AA50: =IFERROR(((I50-D50)/D50)*100,"") | AB50: =IFERROR(((N50-D50)/D50)*100,"") | AC50: =IFERROR(((S50-D50)/D50)*100,"") | AD50: =IFERROR(((X50-D50)/D50)*100,"")
E51: =B51*C51 | J51: =G51*H51 | O51: =L51*M51 | T51: =Q51*R51 | Y51: =V51*W51 | AA51: =IFERROR(((I51-D51)/D51)*100,"") | AB51: =IFERROR(((N51-D51)/D51)*100,"") | AC51: =IFERROR(((S51-D51)/D51)*100,"") | AD51: =IFERROR(((X51-D51)/D51)*100,"")
E52: =B52*C52 | J52: =G52*H52 | O52: =L52*M52 | T52: =Q52*R52 | Y52: =V52*W52 | AA52: =IFERROR(((I52-D52)/D52)*100,"") | AB52: =IFERROR(((N52-D52)/D52)*100,"") | AC52: =IFERROR(((S52-D52)/D52)*100,"") | AD52: =IFERROR(((X52-D52)/D52)*100,"") | AM52: =AG52*AG51 | AN52: =AH52*AH51 | AO52: =AJ52*AJ51 | AP52: =AK52*AK51 | AQ52: =AL52*AL51
E53: PR | J53: PR | O53: PR | T53: PR | AC53: PR-M | AD53: =IFERROR(AVERAGE(G53,L53,Q53,V53),"")
E54: =SUM(E41:E52) | J54: =SUM(J41:J52) | O54: =SUM(O41:O52) | T54: =SUM(T41:T52) | Y54: =SUM(Y41:Y52)
L55: Son | M55: Estr | N55: Fad | O55: Dor | Q55: Média | T55: Teste de potência
A56: QUINTA-FEIRA | C56: DATA | Q56: =IFERROR(AVERAGE(L56:O56),"") | S56: =Q56
A57: Exercícios | B57: série 1 | G57: série 2 | L57: série 3 | Q57: série 4 | V57: série 5 | AA57: VEL (2x1) | AB57: VEL (3x1) | AC57: VEL (4x1) | AD57: VEL (5x1) | AG57: VTT-SESSÃO | AJ57: CARGA DE TREINO (U.A)
B58: nº reps | C58: peso(kg) | D58: veloc(s) | E58: VTT (sér) | G58: nº reps | H58: peso(kg) | I58: veloc(s) | J58: VTT (sér) | L58: nº reps | M58: peso(kg) | N58: veloc(s) | O58: VTT (sér) | Q58: nº reps | R58: peso(kg) | S58: veloc(s) | T58: VTT (sér) | V58: nº reps | W58: peso(kg) | X58: veloc(s) | Y58: VTT (sér) | AG58: =SUM(E72+J72+O72+T72+Y72) | AJ58: =AE59*AG61
E59: =B59*C59 | J59: =G59*H59 | O59: =L59*M59 | T59: =Q59*R59 | Y59: =V59*W59 | AA59: =IFERROR(((I59-D59)/D59)*100,"") | AB59: =IFERROR(((N59-D59)/D59)*100,"") | AC59: =IFERROR(((S59-D59)/D59)*100,"") | AD59: =IFERROR(((X59-D59)/D59)*100,"")
A60: Cadeira Abdutora 90° | E60: =B60*C60 | J60: =G60*H60 | O60: =L60*M60 | T60: =Q60*R60 | Y60: =V60*W60 | AA60: =IFERROR(((I60-D60)/D60)*100,"") | AB60: =IFERROR(((N60-D60)/D60)*100,"") | AC60: =IFERROR(((S60-D60)/D60)*100,"") | AD60: =IFERROR(((X60-D60)/D60)*100,"") | AG60: Tempo total sessão (min)
A61: Elevação Pélvica Máquina | E61: =B61*C61 | J61: =G61*H61 | O61: =L61*M61 | T61: =Q61*R61 | Y61: =V61*W61 | AA61: =IFERROR(((I61-D61)/D61)*100,"") | AB61: =IFERROR(((N61-D61)/D61)*100,"") | AC61: =IFERROR(((S61-D61)/D61)*100,"") | AD61: =IFERROR(((X61-D61)/D61)*100,"")
A62: Levantamento Terra | E62: =B62*C62 | J62: =G62*H62 | O62: =L62*M62 | T62: =Q62*R62 | Y62: =V62*W62 | AA62: =IFERROR(((I62-D62)/D62)*100,"") | AB62: =IFERROR(((N62-D62)/D62)*100,"") | AC62: =IFERROR(((S62-D62)/D62)*100,"") | AD62: =IFERROR(((X62-D62)/D62)*100,"")
A63: Stiff c/ Barra | E63: =B63*C63 | J63: =G63*H63 | O63: =L63*M63 | T63: =Q63*R63 | Y63: =V63*W63 | AA63: =IFERROR(((I63-D63)/D63)*100,"") | AB63: =IFERROR(((N63-D63)/D63)*100,"") | AC63: =IFERROR(((S63-D63)/D63)*100,"") | AD63: =IFERROR(((X63-D63)/D63)*100,"")
A64: Mesa Flexora | E64: =B64*C64 | J64: =G64*H64 | O64: =L64*M64 | T64: =Q64*R64 | Y64: =V64*W64 | AA64: =IFERROR(((I64-D64)/D64)*100,"") | AB64: =IFERROR(((N64-D64)/D64)*100,"") | AC64: =IFERROR(((S64-D64)/D64)*100,"") | AD64: =IFERROR(((X64-D64)/D64)*100,"")
A65: Cadeira Flexora | E65: =B65*C65 | J65: =G65*H65 | O65: =L65*M65 | T65: =Q65*R65 | Y65: =V65*W65 | AA65: =IFERROR(((I65-D65)/D65)*100,"") | AB65: =IFERROR(((N65-D65)/D65)*100,"") | AC65: =IFERROR(((S65-D65)/D65)*100,"") | AD65: =IFERROR(((X65-D65)/D65)*100,"")
A66: Gêmeos Sentado | E66: =B66*C66 | J66: =G66*H66 | O66: =L66*M66 | T66: =Q66*R66 | Y66: =V66*W66 | AA66: =IFERROR(((I66-D66)/D66)*100,"") | AB66: =IFERROR(((N66-D66)/D66)*100,"") | AC66: =IFERROR(((S66-D66)/D66)*100,"") | AD66: =IFERROR(((X66-D66)/D66)*100,"")
A67: Gêmeos Máquina em Pé | E67: =B67*C67 | J67: =G67*H67 | O67: =L67*M67 | T67: =Q67*R67 | Y67: =V67*W67 | AA67: =IFERROR(((I67-D67)/D67)*100,"") | AB67: =IFERROR(((N67-D67)/D67)*100,"") | AC67: =IFERROR(((S67-D67)/D67)*100,"") | AD67: =IFERROR(((X67-D67)/D67)*100,"")
E68: =B68*C68 | J68: =G68*H68 | O68: =L68*M68 | T68: =Q68*R68 | Y68: =V68*W68 | AA68: =IFERROR(((I68-D68)/D68)*100,"") | AB68: =IFERROR(((N68-D68)/D68)*100,"") | AC68: =IFERROR(((S68-D68)/D68)*100,"") | AD68: =IFERROR(((X68-D68)/D68)*100,"")
E69: =B69*C69 | J69: =G69*H69 | O69: =L69*M69 | T69: =Q69*R69 | Y69: =V69*W69 | AA69: =IFERROR(((I69-D69)/D69)*100,"") | AB69: =IFERROR(((N69-D69)/D69)*100,"") | AC69: =IFERROR(((S69-D69)/D69)*100,"") | AD69: =IFERROR(((X69-D69)/D69)*100,"")
E70: =B70*C70 | J70: =G70*H70 | O70: =L70*M70 | T70: =Q70*R70 | Y70: =V70*W70 | AA70: =IFERROR(((I70-D70)/D70)*100,"") | AB70: =IFERROR(((N70-D70)/D70)*100,"") | AC70: =IFERROR(((S70-D70)/D70)*100,"") | AD70: =IFERROR(((X70-D70)/D70)*100,"") | AM70: =AG70*AG69 | AN70: =AH70*AH69 | AO70: =AJ70*AJ69 | AP70: =AK70*AK69 | AQ70: =AL70*AL69
E71: PR | J71: PR | O71: PR | T71: PR | AC71: PR-M | AD71: =IFERROR(AVERAGE(G71,L71,Q71,V71),"")
E72: =SUM(E59:E70) | J72: =SUM(J59:J70) | O72: =SUM(O59:O70) | T72: =SUM(T59:T70) | Y72: =SUM(Y59:Y70)
L73: Son | M73: Estr | N73: Fad | O73: Dor | Q73: Média | T73: Teste de potência
A74: SEXTA-FEIRA | C74: DATA | Q74: =IFERROR(AVERAGE(L74:O74),"") | S74: =Q74
A75: Exercícios | B75: série 1 | G75: série 2 | L75: série 3 | Q75: série 4 | V75: série 5 | AA75: VEL (2x1) | AB75: VEL (3x1) | AC75: VEL (4x1) | AD75: VEL (5x1) | AG75: VTT-SESSÃO | AJ75: CARGA DE TREINO (U.A)
B76: nº reps | C76: peso(kg) | D76: veloc(s) | E76: VTT (sér) | G76: nº reps | H76: peso(kg) | I76: veloc(s) | J76: VTT (sér) | L76: nº reps | M76: peso(kg) | N76: veloc(s) | O76: VTT (sér) | Q76: nº reps | R76: peso(kg) | S76: veloc(s) | T76: VTT (sér) | V76: nº reps | W76: peso(kg) | X76: veloc(s) | Y76: VTT (sér) | AG76: =SUM(E90+J90+O90+T90+Y90) | AJ76: =AE77*AG79
E77: =B77*C77 | J77: =G77*H77 | O77: =L77*M77 | T77: =Q77*R77 | Y77: =V77*W77 | AA77: =IFERROR(((I77-D77)/D77)*100,"") | AB77: =IFERROR(((N77-D77)/D77)*100,"") | AC77: =IFERROR(((S77-D77)/D77)*100,"") | AD77: =IFERROR(((X77-D77)/D77)*100,"")
A78: Desenvolvimento Livre | E78: =B78*C78 | J78: =G78*H78 | O78: =L78*M78 | T78: =Q78*R78 | Y78: =V78*W78 | AA78: =IFERROR(((I78-D78)/D78)*100,"") | AB78: =IFERROR(((N78-D78)/D78)*100,"") | AC78: =IFERROR(((S78-D78)/D78)*100,"") | AD78: =IFERROR(((X78-D78)/D78)*100,"") | AG78: Tempo total sessão (min)
A79: Remada Alta Aberta até 90° | E79: =B79*C79 | J79: =G79*H79 | O79: =L79*M79 | T79: =Q79*R79 | Y79: =V79*W79 | AA79: =IFERROR(((I79-D79)/D79)*100,"") | AB79: =IFERROR(((N79-D79)/D79)*100,"") | AC79: =IFERROR(((S79-D79)/D79)*100,"") | AD79: =IFERROR(((X79-D79)/D79)*100,"")
A80: Elevação Lateral Unilateral Banco 45° | E80: =B80*C80 | J80: =G80*H80 | O80: =L80*M80 | T80: =Q80*R80 | Y80: =V80*W80 | AA80: =IFERROR(((I80-D80)/D80)*100,"") | AB80: =IFERROR(((N80-D80)/D80)*100,"") | AC80: =IFERROR(((S80-D80)/D80)*100,"") | AD80: =IFERROR(((X80-D80)/D80)*100,"")
A81: Elevação Lateral Unilateral Polia | E81: =B81*C81 | J81: =G81*H81 | O81: =L81*M81 | T81: =Q81*R81 | Y81: =V81*W81 | AA81: =IFERROR(((I81-D81)/D81)*100,"") | AB81: =IFERROR(((N81-D81)/D81)*100,"") | AC81: =IFERROR(((S81-D81)/D81)*100,"") | AD81: =IFERROR(((X81-D81)/D81)*100,"")
A82: Elevação Lateral em Pé | E82: =B82*C82 | J82: =G82*H82 | O82: =L82*M82 | T82: =Q82*R82 | Y82: =V82*W82 | AA82: =IFERROR(((I82-D82)/D82)*100,"") | AB82: =IFERROR(((N82-D82)/D82)*100,"") | AC82: =IFERROR(((S82-D82)/D82)*100,"") | AD82: =IFERROR(((X82-D82)/D82)*100,"")
A83: Encolhimento Smith | E83: =B83*C83 | J83: =G83*H83 | O83: =L83*M83 | T83: =Q83*R83 | Y83: =V83*W83 | AA83: =IFERROR(((I83-D83)/D83)*100,"") | AB83: =IFERROR(((N83-D83)/D83)*100,"") | AC83: =IFERROR(((S83-D83)/D83)*100,"") | AD83: =IFERROR(((X83-D83)/D83)*100,"")
A84: Flexão Quadril/Coluna Paralelas | E84: =B84*C84 | J84: =G84*H84 | O84: =L84*M84 | T84: =Q84*R84 | Y84: =V84*W84 | AA84: =IFERROR(((I84-D84)/D84)*100,"") | AB84: =IFERROR(((N84-D84)/D84)*100,"") | AC84: =IFERROR(((S84-D84)/D84)*100,"") | AD84: =IFERROR(((X84-D84)/D84)*100,"")
A85: Flexão de Coluna Máquina | E85: =B85*C85 | J85: =G85*H85 | O85: =L85*M85 | T85: =Q85*R85 | Y85: =V85*W85 | AA85: =IFERROR(((I85-D85)/D85)*100,"") | AB85: =IFERROR(((N85-D85)/D85)*100,"") | AC85: =IFERROR(((S85-D85)/D85)*100,"") | AD85: =IFERROR(((X85-D85)/D85)*100,"")
E86: =B86*C86 | J86: =G86*H86 | O86: =L86*M86 | T86: =Q86*R86 | Y86: =V86*W86 | AA86: =IFERROR(((I86-D86)/D86)*100,"") | AB86: =IFERROR(((N86-D86)/D86)*100,"") | AC86: =IFERROR(((S86-D86)/D86)*100,"") | AD86: =IFERROR(((X86-D86)/D86)*100,"")
E87: =B87*C87 | J87: =G87*H87 | O87: =L87*M87 | T87: =Q87*R87 | Y87: =V87*W87 | AA87: =IFERROR(((I87-D87)/D87)*100,"") | AB87: =IFERROR(((N87-D87)/D87)*100,"") | AC87: =IFERROR(((S87-D87)/D87)*100,"") | AD87: =IFERROR(((X87-D87)/D87)*100,"")
E88: =B88*C88 | J88: =G88*H88 | O88: =L88*M88 | T88: =Q88*R88 | Y88: =V88*W88 | AA88: =IFERROR(((I88-D88)/D88)*100,"") | AB88: =IFERROR(((N88-D88)/D88)*100,"") | AC88: =IFERROR(((S88-D88)/D88)*100,"") | AD88: =IFERROR(((X88-D88)/D88)*100,"") | AM88: =AG88*AG87 | AN88: =AH88*AH87 | AO88: =AJ88*AJ87 | AP88: =AK88*AK87 | AQ88: =AL88*AL87
E89: PR | J89: PR | O89: PR | T89: PR | AC89: PR-M | AD89: =IFERROR(AVERAGE(G89,L89,Q89,V89),"")
E90: =SUM(E77:E88) | J90: =SUM(J77:J88) | O90: =SUM(O77:O88) | T90: =SUM(T77:T88) | Y90: =SUM(Y77:Y88)
L91: Son | M91: Estr | N91: Fad | O91: Dor | Q91: Média | T91: Teste de potência
A92: SÁBADO | C92: DATA | Q92: =IFERROR(AVERAGE(L92:O92),"") | S92: =Q92
A93: Exercícios | B93: série 1 | G93: série 2 | L93: série 3 | Q93: série 4 | V93: série 5 | AA93: VEL (2x1) | AB93: VEL (3x1) | AC93: VEL (4x1) | AD93: VEL (5x1) | AG93: VTT-SESSÃO | AJ93: CARGA DE TREINO (U.A)
B94: nº reps | C94: peso(kg) | D94: veloc(s) | E94: VTT (sér) | G94: nº reps | H94: peso(kg) | I94: veloc(s) | J94: VTT (sér) | L94: nº reps | M94: peso(kg) | N94: veloc(s) | O94: VTT (sér) | Q94: nº reps | R94: peso(kg) | S94: veloc(s) | T94: VTT (sér) | V94: nº reps | W94: peso(kg) | X94: veloc(s) | Y94: VTT (sér) | AG94: =SUM(E108+J108+O108+T108+Y108) | AJ94: =AE95*AG97
E95: =B95*C95 | J95: =G95*H95 | O95: =L95*M95 | T95: =Q95*R95 | Y95: =V95*W95 | AA95: =IFERROR(((I95-D95)/D95)*100,"") | AB95: =IFERROR(((N95-D95)/D95)*100,"") | AC95: =IFERROR(((S95-D95)/D95)*100,"") | AD95: =IFERROR(((X95-D95)/D95)*100,"")
A96: Rosca Direta Barra W | E96: =B96*C96 | J96: =G96*H96 | O96: =L96*M96 | T96: =Q96*R96 | Y96: =V96*W96 | AA96: =IFERROR(((I96-D96)/D96)*100,"") | AB96: =IFERROR(((N96-D96)/D96)*100,"") | AC96: =IFERROR(((S96-D96)/D96)*100,"") | AD96: =IFERROR(((X96-D96)/D96)*100,"") | AG96: Tempo total sessão (min)
A97: Rosca Sentado Máquina | E97: =B97*C97 | J97: =G97*H97 | O97: =L97*M97 | T97: =Q97*R97 | Y97: =V97*W97 | AA97: =IFERROR(((I97-D97)/D97)*100,"") | AB97: =IFERROR(((N97-D97)/D97)*100,"") | AC97: =IFERROR(((S97-D97)/D97)*100,"") | AD97: =IFERROR(((X97-D97)/D97)*100,"")
A98: Rosca Simultâneo 45° + Apoio Tórax 30° | E98: =B98*C98 | J98: =G98*H98 | O98: =L98*M98 | T98: =Q98*R98 | Y98: =V98*W98 | AA98: =IFERROR(((I98-D98)/D98)*100,"") | AB98: =IFERROR(((N98-D98)/D98)*100,"") | AC98: =IFERROR(((S98-D98)/D98)*100,"") | AD98: =IFERROR(((X98-D98)/D98)*100,"")
A99: Coice Unilateral | E99: =B99*C99 | J99: =G99*H99 | O99: =L99*M99 | T99: =Q99*R99 | Y99: =V99*W99 | AA99: =IFERROR(((I99-D99)/D99)*100,"") | AB99: =IFERROR(((N99-D99)/D99)*100,"") | AC99: =IFERROR(((S99-D99)/D99)*100,"") | AD99: =IFERROR(((X99-D99)/D99)*100,"")
A100: Tríceps Pulley Pronado | E100: =B100*C100 | J100: =G100*H100 | O100: =L100*M100 | T100: =Q100*R100 | Y100: =V100*W100 | AA100: =IFERROR(((I100-D100)/D100)*100,"") | AB100: =IFERROR(((N100-D100)/D100)*100,"") | AC100: =IFERROR(((S100-D100)/D100)*100,"") | AD100: =IFERROR(((X100-D100)/D100)*100,"")
...

Sheet SEM 6
A1: SEMANA 6 | L1: Son | M1: Estr | N1: Fad | O1: Dor | Q1: Média | T1: Teste de potência
A2: SEGUNDA-FEIRA | C2: DATA | Q2: =IFERROR(AVERAGE(L2:O2),"") | S2: =Q2
A3: Exercícios | B3: série 1 | G3: série 2 | L3: série 3 | Q3: série 4 | V3: série 5 | AA3: VEL (2x1) | AB3: VEL (3x1) | AC3: VEL (4x1) | AD3: VEL (5x1) | AG3: VTT-SESSÃO | AJ3: CARGA DE TREINO (U.A)
B4: nº reps | C4: peso(kg) | D4: veloc(s) | E4: VTT (sér) | G4: nº reps | H4: peso(kg) | I4: veloc(s) | J4: VTT (sér) | L4: nº reps | M4: peso(kg) | N4: veloc(s) | O4: VTT (sér) | Q4: nº reps | R4: peso(kg) | S4: veloc(s) | T4: VTT (sér) | V4: nº reps | W4: peso(kg) | X4: veloc(s) | Y4: VTT (sér) | AG4: =SUM(E18+J18+O18+T18+Y18) | AJ4: =AE5*AG7
E5: =B5*C5 | J5: =G5*H5 | O5: =L5*M5 | T5: =Q5*R5 | Y5: =V5*W5 | AA5: =IFERROR(((I5-D5)/D5)*100,"") | AB5: =IFERROR(((N5-D5)/D5)*100,"") | AC5: =IFERROR(((S5-D5)/D5)*100,"") | AD5: =IFERROR(((X5-D5)/D5)*100,"")
A6: Cadeira Abdutora 90° | E6: =B6*C6 | J6: =G6*H6 | O6: =L6*M6 | T6: =Q6*R6 | Y6: =V6*W6 | AA6: =IFERROR(((I6-D6)/D6)*100,"") | AB6: =IFERROR(((N6-D6)/D6)*100,"") | AC6: =IFERROR(((S6-D6)/D6)*100,"") | AD6: =IFERROR(((X6-D6)/D6)*100,"") | AG6: Tempo total sessão (min)
A7: Elevação Pélvica (livre/máq) | E7: =B7*C7 | J7: =G7*H7 | O7: =L7*M7 | T7: =Q7*R7 | Y7: =V7*W7 | AA7: =IFERROR(((I7-D7)/D7)*100,"") | AB7: =IFERROR(((N7-D7)/D7)*100,"") | AC7: =IFERROR(((S7-D7)/D7)*100,"") | AD7: =IFERROR(((X7-D7)/D7)*100,"")
A8: Afundo no Smith | E8: =B8*C8 | J8: =G8*H8 | O8: =L8*M8 | T8: =Q8*R8 | Y8: =V8*W8 | AA8: =IFERROR(((I8-D8)/D8)*100,"") | AB8: =IFERROR(((N8-D8)/D8)*100,"") | AC8: =IFERROR(((S8-D8)/D8)*100,"") | AD8: =IFERROR(((X8-D8)/D8)*100,"")
A9: Agachamento Livre | E9: =B9*C9 | J9: =G9*H9 | O9: =L9*M9 | T9: =Q9*R9 | Y9: =V9*W9 | AA9: =IFERROR(((I9-D9)/D9)*100,"") | AB9: =IFERROR(((N9-D9)/D9)*100,"") | AC9: =IFERROR(((S9-D9)/D9)*100,"") | AD9: =IFERROR(((X9-D9)/D9)*100,"")
A10: Leg Press 45° | E10: =B10*C10 | J10: =G10*H10 | O10: =L10*M10 | T10: =Q10*R10 | Y10: =V10*W10 | AA10: =IFERROR(((I10-D10)/D10)*100,"") | AB10: =IFERROR(((N10-D10)/D10)*100,"") | AC10: =IFERROR(((S10-D10)/D10)*100,"") | AD10: =IFERROR(((X10-D10)/D10)*100,"")
A11: Cadeira Extensora | E11: =B11*C11 | J11: =G11*H11 | O11: =L11*M11 | T11: =Q11*R11 | Y11: =V11*W11 | AA11: =IFERROR(((I11-D11)/D11)*100,"") | AB11: =IFERROR(((N11-D11)/D11)*100,"") | AC11: =IFERROR(((S11-D11)/D11)*100,"") | AD11: =IFERROR(((X11-D11)/D11)*100,"")
A12: Gêmeos Sentado | E12: =B12*C12 | J12: =G12*H12 | O12: =L12*M12 | T12: =Q12*R12 | Y12: =V12*W12 | AA12: =IFERROR(((I12-D12)/D12)*100,"") | AB12: =IFERROR(((N12-D12)/D12)*100,"") | AC12: =IFERROR(((S12-D12)/D12)*100,"") | AD12: =IFERROR(((X12-D12)/D12)*100,"")
A13: Gêmeos Máquina em Pé | E13: =B13*C13 | J13: =G13*H13 | O13: =L13*M13 | T13: =Q13*R13 | Y13: =V13*W13 | AA13: =IFERROR(((I13-D13)/D13)*100,"") | AB13: =IFERROR(((N13-D13)/D13)*100,"") | AC13: =IFERROR(((S13-D13)/D13)*100,"") | AD13: =IFERROR(((X13-D13)/D13)*100,"")
E14: =B14*C14 | J14: =G14*H14 | O14: =L14*M14 | T14: =Q14*R14 | Y14: =V14*W14 | AA14: =IFERROR(((I14-D14)/D14)*100,"") | AB14: =IFERROR(((N14-D14)/D14)*100,"") | AC14: =IFERROR(((S14-D14)/D14)*100,"") | AD14: =IFERROR(((X14-D14)/D14)*100,"")
E15: =B15*C15 | J15: =G15*H15 | O15: =L15*M15 | T15: =Q15*R15 | Y15: =V15*W15 | AA15: =IFERROR(((I15-D15)/D15)*100,"") | AB15: =IFERROR(((N15-D15)/D15)*100,"") | AC15: =IFERROR(((S15-D15)/D15)*100,"") | AD15: =IFERROR(((X15-D15)/D15)*100,"")
E16: =B16*C16 | J16: =G16*H16 | O16: =L16*M16 | T16: =Q16*R16 | Y16: =V16*W16 | AA16: =IFERROR(((I16-D16)/D16)*100,"") | AB16: =IFERROR(((N16-D16)/D16)*100,"") | AC16: =IFERROR(((S16-D16)/D16)*100,"") | AD16: =IFERROR(((X16-D16)/D16)*100,"") | AN16: =AH16*AH15 | AO16: =AJ16*AJ15 | AP16: =AK16*AK15 | AQ16: =AL16*AL15
E17: PR | J17: PR | O17: PR | T17: PR | AC17: PR-M | AD17: =IFERROR(AVERAGE(G17,L17,Q17,V17),"")
E18: =SUM(E5:E16) | J18: =SUM(J5:J16) | O18: =SUM(O5:O16) | T18: =SUM(T5:T16) | Y18: =SUM(Y5:Y16)
L19: Son | M19: Estr | N19: Fad | O19: Dor | Q19: Média | T19: Teste de potência
A20: TERÇA-FEIRA | C20: DATA | Q20: =IFERROR(AVERAGE(L20:O20),"") | S20: =Q20
A21: Exercícios | B21: série 1 | G21: série 2 | L21: série 3 | Q21: série 4 | V21: série 5 | AA21: VEL (2x1) | AB21: VEL (3x1) | AC21: VEL (4x1) | AD21: VEL (5x1) | AG21: VTT-SESSÃO | AJ21: CARGA DE TREINO (U.A)
B22: nº reps | C22: peso(kg) | D22: veloc(s) | E22: VTT (sér) | G22: nº reps | H22: peso(kg) | I22: veloc(s) | J22: VTT (sér) | L22: nº reps | M22: peso(kg) | N22: veloc(s) | O22: VTT (sér) | Q22: nº reps | R22: peso(kg) | S22: veloc(s) | T22: VTT (sér) | V22: nº reps | W22: peso(kg) | X22: veloc(s) | Y22: VTT (sér) | AG22: =SUM(E36+J36+O36+T36+Y36) | AJ22: =AE23*AG25
E23: =B23*C23 | J23: =G23*H23 | O23: =L23*M23 | T23: =Q23*R23 | Y23: =V23*W23 | AA23: =IFERROR(((I23-D23)/D23)*100,"") | AB23: =IFERROR(((N23-D23)/D23)*100,"") | AC23: =IFERROR(((S23-D23)/D23)*100,"") | AD23: =IFERROR(((X23-D23)/D23)*100,"")
A24: Supino Inclinado Smith 30° | E24: =B24*C24 | J24: =G24*H24 | O24: =L24*M24 | T24: =Q24*R24 | Y24: =V24*W24 | AA24: =IFERROR(((I24-D24)/D24)*100,"") | AB24: =IFERROR(((N24-D24)/D24)*100,"") | AC24: =IFERROR(((S24-D24)/D24)*100,"") | AD24: =IFERROR(((X24-D24)/D24)*100,"") | AG24: Tempo total sessão (min)
A25: Fly Inclinado Banco 30° | E25: =B25*C25 | J25: =G25*H25 | O25: =L25*M25 | T25: =Q25*R25 | Y25: =V25*W25 | AA25: =IFERROR(((I25-D25)/D25)*100,"") | AB25: =IFERROR(((N25-D25)/D25)*100,"") | AC25: =IFERROR(((S25-D25)/D25)*100,"") | AD25: =IFERROR(((X25-D25)/D25)*100,"")
A26: Fly Reto | E26: =B26*C26 | J26: =G26*H26 | O26: =L26*M26 | T26: =Q26*R26 | Y26: =V26*W26 | AA26: =IFERROR(((I26-D26)/D26)*100,"") | AB26: =IFERROR(((N26-D26)/D26)*100,"") | AC26: =IFERROR(((S26-D26)/D26)*100,"") | AD26: =IFERROR(((X26-D26)/D26)*100,"")
A27: Cross-over | E27: =B27*C27 | J27: =G27*H27 | O27: =L27*M27 | T27: =Q27*R27 | Y27: =V27*W27 | AA27: =IFERROR(((I27-D27)/D27)*100,"") | AB27: =IFERROR(((N27-D27)/D27)*100,"") | AC27: =IFERROR(((S27-D27)/D27)*100,"") | AD27: =IFERROR(((X27-D27)/D27)*100,"")
A28: Crucifixo em Máquina | E28: =B28*C28 | J28: =G28*H28 | O28: =L28*M28 | T28: =Q28*R28 | Y28: =V28*W28 | AA28: =IFERROR(((I28-D28)/D28)*100,"") | AB28: =IFERROR(((N28-D28)/D28)*100,"") | AC28: =IFERROR(((S28-D28)/D28)*100,"") | AD28: =IFERROR(((X28-D28)/D28)*100,"")
A29: Elevação Frontal Corda | E29: =B29*C29 | J29: =G29*H29 | O29: =L29*M29 | T29: =Q29*R29 | Y29: =V29*W29 | AA29: =IFERROR(((I29-D29)/D29)*100,"") | AB29: =IFERROR(((N29-D29)/D29)*100,"") | AC29: =IFERROR(((S29-D29)/D29)*100,"") | AD29: =IFERROR(((X29-D29)/D29)*100,"")
A30: Flexão Quadril/Coluna Paralelas | E30: =B30*C30 | J30: =G30*H30 | O30: =L30*M30 | T30: =Q30*R30 | Y30: =V30*W30 | AA30: =IFERROR(((I30-D30)/D30)*100,"") | AB30: =IFERROR(((N30-D30)/D30)*100,"") | AC30: =IFERROR(((S30-D30)/D30)*100,"") | AD30: =IFERROR(((X30-D30)/D30)*100,"")
A31: Flexão de Coluna Máquina | E31: =B31*C31 | J31: =G31*H31 | O31: =L31*M31 | T31: =Q31*R31 | Y31: =V31*W31 | AA31: =IFERROR(((I31-D31)/D31)*100,"") | AB31: =IFERROR(((N31-D31)/D31)*100,"") | AC31: =IFERROR(((S31-D31)/D31)*100,"") | AD31: =IFERROR(((X31-D31)/D31)*100,"")
E32: =B32*C32 | J32: =G32*H32 | O32: =L32*M32 | T32: =Q32*R32 | Y32: =V32*W32 | AA32: =IFERROR(((I32-D32)/D32)*100,"") | AB32: =IFERROR(((N32-D32)/D32)*100,"") | AC32: =IFERROR(((S32-D32)/D32)*100,"") | AD32: =IFERROR(((X32-D32)/D32)*100,"")
E33: =B33*C33 | J33: =G33*H33 | O33: =L33*M33 | T33: =Q33*R33 | Y33: =V33*W33 | AA33: =IFERROR(((I33-D33)/D33)*100,"") | AB33: =IFERROR(((N33-D33)/D33)*100,"") | AC33: =IFERROR(((S33-D33)/D33)*100,"") | AD33: =IFERROR(((X33-D33)/D33)*100,"")
E34: =B34*C34 | J34: =G34*H34 | O34: =L34*M34 | T34: =Q34*R34 | Y34: =V34*W34 | AA34: =IFERROR(((I34-D34)/D34)*100,"") | AB34: =IFERROR(((N34-D34)/D34)*100,"") | AC34: =IFERROR(((S34-D34)/D34)*100,"") | AD34: =IFERROR(((X34-D34)/D34)*100,"") | AM34: =AG34*AG33 | AN34: =AH34*AH33 | AO34: =AJ34*AJ33 | AP34: =AK34*AK33 | AQ34: =AL34*AL33
E35: PR | J35: PR | O35: PR | T35: PR | AC35: PR-M | AD35: =IFERROR(AVERAGE(G35,L35,Q35,V35),"")
E36: =SUM(E23:E34) | J36: =SUM(J23:J34) | O36: =SUM(O23:O34) | T36: =SUM(T23:T34) | Y36: =SUM(Y23:Y34)
L37: Son | M37: Estr | N37: Fad | O37: Dor | Q37: Média | T37: Teste de potência
A38: QUARTA-FEIRA | C38: DATA | Q38: =IFERROR(AVERAGE(L38:O38),"") | S38: =Q38
A39: Exercícios | B39: série 1 | G39: série 2 | L39: série 3 | Q39: série 4 | V39: série 5 | AA39: VEL (2x1) | AB39: VEL (3x1) | AC39: VEL (4x1) | AD39: VEL (5x1) | AG39: VTT-SESSÃO | AJ39: CARGA DE TREINO (U.A)
B40: nº reps | C40: peso(kg) | D40: veloc(s) | E40: VTT (sér) | G40: nº reps | H40: peso(kg) | I40: veloc(s) | J40: VTT (sér) | L40: nº reps | M40: peso(kg) | N40: veloc(s) | O40: VTT (sér) | Q40: nº reps | R40: peso(kg) | S40: veloc(s) | T40: VTT (sér) | V40: nº reps | W40: peso(kg) | X40: veloc(s) | Y40: VTT (sér) | AG40: =SUM(E54+J54+O54+T54+Y54) | AJ40: =AE41*AG43
E41: =B41*C41 | J41: =G41*H41 | O41: =L41*M41 | T41: =Q41*R41 | Y41: =V41*W41 | AA41: =IFERROR(((I41-D41)/D41)*100,"") | AB41: =IFERROR(((N41-D41)/D41)*100,"") | AC41: =IFERROR(((S41-D41)/D41)*100,"") | AD41: =IFERROR(((X41-D41)/D41)*100,"")
A42: Barra Fixa Aberta (livre/gravitron) | E42: =B42*C42 | J42: =G42*H42 | O42: =L42*M42 | T42: =Q42*R42 | Y42: =V42*W42 | AA42: =IFERROR(((I42-D42)/D42)*100,"") | AB42: =IFERROR(((N42-D42)/D42)*100,"") | AC42: =IFERROR(((S42-D42)/D42)*100,"") | AD42: =IFERROR(((X42-D42)/D42)*100,"") | AG42: Tempo total sessão (min)
A43: Pulley Frente Aberto | E43: =B43*C43 | J43: =G43*H43 | O43: =L43*M43 | T43: =Q43*R43 | Y43: =V43*W43 | AA43: =IFERROR(((I43-D43)/D43)*100,"") | AB43: =IFERROR(((N43-D43)/D43)*100,"") | AC43: =IFERROR(((S43-D43)/D43)*100,"") | AD43: =IFERROR(((X43-D43)/D43)*100,"")
A44: Remada Cavalinho Fechada | E44: =B44*C44 | J44: =G44*H44 | O44: =L44*M44 | T44: =Q44*R44 | Y44: =V44*W44 | AA44: =IFERROR(((I44-D44)/D44)*100,"") | AB44: =IFERROR(((N44-D44)/D44)*100,"") | AC44: =IFERROR(((S44-D44)/D44)*100,"") | AD44: =IFERROR(((X44-D44)/D44)*100,"")
A45: Remada Máquina Pegada Neutra | E45: =B45*C45 | J45: =G45*H45 | O45: =L45*M45 | T45: =Q45*R45 | Y45: =V45*W45 | AA45: =IFERROR(((I45-D45)/D45)*100,"") | AB45: =IFERROR(((N45-D45)/D45)*100,"") | AC45: =IFERROR(((S45-D45)/D45)*100,"") | AD45: =IFERROR(((X45-D45)/D45)*100,"")
A46: Remada Curvada Aberta | E46: =B46*C46 | J46: =G46*H46 | O46: =L46*M46 | T46: =Q46*R46 | Y46: =V46*W46 | AA46: =IFERROR(((I46-D46)/D46)*100,"") | AB46: =IFERROR(((N46-D46)/D46)*100,"") | AC46: =IFERROR(((S46-D46)/D46)*100,"") | AD46: =IFERROR(((X46-D46)/D46)*100,"")
A47: Crucifixo Inverso Máquina | E47: =B47*C47 | J47: =G47*H47 | O47: =L47*M47 | T47: =Q47*R47 | Y47: =V47*W47 | AA47: =IFERROR(((I47-D47)/D47)*100,"") | AB47: =IFERROR(((N47-D47)/D47)*100,"") | AC47: =IFERROR(((S47-D47)/D47)*100,"") | AD47: =IFERROR(((X47-D47)/D47)*100,"")
A48: Extensão Coluna Banco Eretor | E48: =B48*C48 | J48: =G48*H48 | O48: =L48*M48 | T48: =Q48*R48 | Y48: =V48*W48 | AA48: =IFERROR(((I48-D48)/D48)*100,"") | AB48: =IFERROR(((N48-D48)/D48)*100,"") | AC48: =IFERROR(((S48-D48)/D48)*100,"") | AD48: =IFERROR(((X48-D48)/D48)*100,"")
E49: =B49*C49 | J49: =G49*H49 | O49: =L49*M49 | T49: =Q49*R49 | Y49: =V49*W49 | AA49: =IFERROR(((I49-D49)/D49)*100,"") | AB49: =IFERROR(((N49-D49)/D49)*100,"") | AC49: =IFERROR(((S49-D49)/D49)*100,"") | AD49: =IFERROR(((X49-D49)/D49)*100,"")
E50: =B50*C50 | J50: =G50*H50 | O50: =L50*M50 | T50: =Q50*R50 | Y50: =V50*W50 | AA50: =IFERROR(((I50-D50)/D50)*100,"") | AB50: =IFERROR(((N50-D50)/D50)*100,"") | AC50: =IFERROR(((S50-D50)/D50)*100,"") | AD50: =IFERROR(((X50-D50)/D50)*100,"")
E51: =B51*C51 | J51: =G51*H51 | O51: =L51*M51 | T51: =Q51*R51 | Y51: =V51*W51 | AA51: =IFERROR(((I51-D51)/D51)*100,"") | AB51: =IFERROR(((N51-D51)/D51)*100,"") | AC51: =IFERROR(((S51-D51)/D51)*100,"") | AD51: =IFERROR(((X51-D51)/D51)*100,"")
E52: =B52*C52 | J52: =G52*H52 | O52: =L52*M52 | T52: =Q52*R52 | Y52: =V52*W52 | AA52: =IFERROR(((I52-D52)/D52)*100,"") | AB52: =IFERROR(((N52-D52)/D52)*100,"") | AC52: =IFERROR(((S52-D52)/D52)*100,"") | AD52: =IFERROR(((X52-D52)/D52)*100,"") | AM52: =AG52*AG51 | AN52: =AH52*AH51 | AO52: =AJ52*AJ51 | AP52: =AK52*AK51 | AQ52: =AL52*AL51
E53: PR | J53: PR | O53: PR | T53: PR | AC53: PR-M | AD53: =IFERROR(AVERAGE(G53,L53,Q53,V53),"")
E54: =SUM(E41:E52) | J54: =SUM(J41:J52) | O54: =SUM(O41:O52) | T54: =SUM(T41:T52) | Y54: =SUM(Y41:Y52)
L55: Son | M55: Estr | N55: Fad | O55: Dor | Q55: Média | T55: Teste de potência
A56: QUINTA-FEIRA | C56: DATA | Q56: =IFERROR(AVERAGE(L56:O56),"") | S56: =Q56
A57: Exercícios | B57: série 1 | G57: série 2 | L57: série 3 | Q57: série 4 | V57: série 5 | AA57: VEL (2x1) | AB57: VEL (3x1) | AC57: VEL (4x1) | AD57: VEL (5x1) | AG57: VTT-SESSÃO | AJ57: CARGA DE TREINO (U.A)
B58: nº reps | C58: peso(kg) | D58: veloc(s) | E58: VTT (sér) | G58: nº reps | H58: peso(kg) | I58: veloc(s) | J58: VTT (sér) | L58: nº reps | M58: peso(kg) | N58: veloc(s) | O58: VTT (sér) | Q58: nº reps | R58: peso(kg) | S58: veloc(s) | T58: VTT (sér) | V58: nº reps | W58: peso(kg) | X58: veloc(s) | Y58: VTT (sér) | AG58: =SUM(E72+J72+O72+T72+Y72) | AJ58: =AE59*AG61
E59: =B59*C59 | J59: =G59*H59 | O59: =L59*M59 | T59: =Q59*R59 | Y59: =V59*W59 | AA59: =IFERROR(((I59-D59)/D59)*100,"") | AB59: =IFERROR(((N59-D59)/D59)*100,"") | AC59: =IFERROR(((S59-D59)/D59)*100,"") | AD59: =IFERROR(((X59-D59)/D59)*100,"")
A60: Cadeira Abdutora 90° | E60: =B60*C60 | J60: =G60*H60 | O60: =L60*M60 | T60: =Q60*R60 | Y60: =V60*W60 | AA60: =IFERROR(((I60-D60)/D60)*100,"") | AB60: =IFERROR(((N60-D60)/D60)*100,"") | AC60: =IFERROR(((S60-D60)/D60)*100,"") | AD60: =IFERROR(((X60-D60)/D60)*100,"") | AG60: Tempo total sessão (min)
A61: Elevação Pélvica Máquina | E61: =B61*C61 | J61: =G61*H61 | O61: =L61*M61 | T61: =Q61*R61 | Y61: =V61*W61 | AA61: =IFERROR(((I61-D61)/D61)*100,"") | AB61: =IFERROR(((N61-D61)/D61)*100,"") | AC61: =IFERROR(((S61-D61)/D61)*100,"") | AD61: =IFERROR(((X61-D61)/D61)*100,"")
A62: Levantamento Terra | E62: =B62*C62 | J62: =G62*H62 | O62: =L62*M62 | T62: =Q62*R62 | Y62: =V62*W62 | AA62: =IFERROR(((I62-D62)/D62)*100,"") | AB62: =IFERROR(((N62-D62)/D62)*100,"") | AC62: =IFERROR(((S62-D62)/D62)*100,"") | AD62: =IFERROR(((X62-D62)/D62)*100,"")
A63: Stiff c/ Barra | E63: =B63*C63 | J63: =G63*H63 | O63: =L63*M63 | T63: =Q63*R63 | Y63: =V63*W63 | AA63: =IFERROR(((I63-D63)/D63)*100,"") | AB63: =IFERROR(((N63-D63)/D63)*100,"") | AC63: =IFERROR(((S63-D63)/D63)*100,"") | AD63: =IFERROR(((X63-D63)/D63)*100,"")
A64: Mesa Flexora | E64: =B64*C64 | J64: =G64*H64 | O64: =L64*M64 | T64: =Q64*R64 | Y64: =V64*W64 | AA64: =IFERROR(((I64-D64)/D64)*100,"") | AB64: =IFERROR(((N64-D64)/D64)*100,"") | AC64: =IFERROR(((S64-D64)/D64)*100,"") | AD64: =IFERROR(((X64-D64)/D64)*100,"")
A65: Cadeira Flexora | E65: =B65*C65 | J65: =G65*H65 | O65: =L65*M65 | T65: =Q65*R65 | Y65: =V65*W65 | AA65: =IFERROR(((I65-D65)/D65)*100,"") | AB65: =IFERROR(((N65-D65)/D65)*100,"") | AC65: =IFERROR(((S65-D65)/D65)*100,"") | AD65: =IFERROR(((X65-D65)/D65)*100,"")
A66: Gêmeos Sentado | E66: =B66*C66 | J66: =G66*H66 | O66: =L66*M66 | T66: =Q66*R66 | Y66: =V66*W66 | AA66: =IFERROR(((I66-D66)/D66)*100,"") | AB66: =IFERROR(((N66-D66)/D66)*100,"") | AC66: =IFERROR(((S66-D66)/D66)*100,"") | AD66: =IFERROR(((X66-D66)/D66)*100,"")
A67: Gêmeos Máquina em Pé | E67: =B67*C67 | J67: =G67*H67 | O67: =L67*M67 | T67: =Q67*R67 | Y67: =V67*W67 | AA67: =IFERROR(((I67-D67)/D67)*100,"") | AB67: =IFERROR(((N67-D67)/D67)*100,"") | AC67: =IFERROR(((S67-D67)/D67)*100,"") | AD67: =IFERROR(((X67-D67)/D67)*100,"")
E68: =B68*C68 | J68: =G68*H68 | O68: =L68*M68 | T68: =Q68*R68 | Y68: =V68*W68 | AA68: =IFERROR(((I68-D68)/D68)*100,"") | AB68: =IFERROR(((N68-D68)/D68)*100,"") | AC68: =IFERROR(((S68-D68)/D68)*100,"") | AD68: =IFERROR(((X68-D68)/D68)*100,"")
E69: =B69*C69 | J69: =G69*H69 | O69: =L69*M69 | T69: =Q69*R69 | Y69: =V69*W69 | AA69: =IFERROR(((I69-D69)/D69)*100,"") | AB69: =IFERROR(((N69-D69)/D69)*100,"") | AC69: =IFERROR(((S69-D69)/D69)*100,"") | AD69: =IFERROR(((X69-D69)/D69)*100,"")
E70: =B70*C70 | J70: =G70*H70 | O70: =L70*M70 | T70: =Q70*R70 | Y70: =V70*W70 | AA70: =IFERROR(((I70-D70)/D70)*100,"") | AB70: =IFERROR(((N70-D70)/D70)*100,"") | AC70: =IFERROR(((S70-D70)/D70)*100,"") | AD70: =IFERROR(((X70-D70)/D70)*100,"") | AM70: =AG70*AG69 | AN70: =AH70*AH69 | AO70: =AJ70*AJ69 | AP70: =AK70*AK69 | AQ70: =AL70*AL69
E71: PR | J71: PR | O71: PR | T71: PR | AC71: PR-M | AD71: =IFERROR(AVERAGE(G71,L71,Q71,V71),"")
E72: =SUM(E59:E70) | J72: =SUM(J59:J70) | O72: =SUM(O59:O70) | T72: =SUM(T59:T70) | Y72: =SUM(Y59:Y70)
L73: Son | M73: Estr | N73: Fad | O73: Dor | Q73: Média | T73: Teste de potência
A74: SEXTA-FEIRA | C74: DATA | Q74: =IFERROR(AVERAGE(L74:O74),"") | S74: =Q74
A75: Exercícios | B75: série 1 | G75: série 2 | L75: série 3 | Q75: série 4 | V75: série 5 | AA75: VEL (2x1) | AB75: VEL (3x1) | AC75: VEL (4x1) | AD75: VEL (5x1) | AG75: VTT-SESSÃO | AJ75: CARGA DE TREINO (U.A)
B76: nº reps | C76: peso(kg) | D76: veloc(s) | E76: VTT (sér) | G76: nº reps | H76: peso(kg) | I76: veloc(s) | J76: VTT (sér) | L76: nº reps | M76: peso(kg) | N76: veloc(s) | O76: VTT (sér) | Q76: nº reps | R76: peso(kg) | S76: veloc(s) | T76: VTT (sér) | V76: nº reps | W76: peso(kg) | X76: veloc(s) | Y76: VTT (sér) | AG76: =SUM(E90+J90+O90+T90+Y90) | AJ76: =AE77*AG79
E77: =B77*C77 | J77: =G77*H77 | O77: =L77*M77 | T77: =Q77*R77 | Y77: =V77*W77 | AA77: =IFERROR(((I77-D77)/D77)*100,"") | AB77: =IFERROR(((N77-D77)/D77)*100,"") | AC77: =IFERROR(((S77-D77)/D77)*100,"") | AD77: =IFERROR(((X77-D77)/D77)*100,"")
A78: Desenvolvimento Livre | E78: =B78*C78 | J78: =G78*H78 | O78: =L78*M78 | T78: =Q78*R78 | Y78: =V78*W78 | AA78: =IFERROR(((I78-D78)/D78)*100,"") | AB78: =IFERROR(((N78-D78)/D78)*100,"") | AC78: =IFERROR(((S78-D78)/D78)*100,"") | AD78: =IFERROR(((X78-D78)/D78)*100,"") | AG78: Tempo total sessão (min)
A79: Remada Alta Aberta até 90° | E79: =B79*C79 | J79: =G79*H79 | O79: =L79*M79 | T79: =Q79*R79 | Y79: =V79*W79 | AA79: =IFERROR(((I79-D79)/D79)*100,"") | AB79: =IFERROR(((N79-D79)/D79)*100,"") | AC79: =IFERROR(((S79-D79)/D79)*100,"") | AD79: =IFERROR(((X79-D79)/D79)*100,"")
A80: Elevação Lateral Unilateral Banco 45° | E80: =B80*C80 | J80: =G80*H80 | O80: =L80*M80 | T80: =Q80*R80 | Y80: =V80*W80 | AA80: =IFERROR(((I80-D80)/D80)*100,"") | AB80: =IFERROR(((N80-D80)/D80)*100,"") | AC80: =IFERROR(((S80-D80)/D80)*100,"") | AD80: =IFERROR(((X80-D80)/D80)*100,"")
A81: Elevação Lateral Unilateral Polia | E81: =B81*C81 | J81: =G81*H81 | O81: =L81*M81 | T81: =Q81*R81 | Y81: =V81*W81 | AA81: =IFERROR(((I81-D81)/D81)*100,"") | AB81: =IFERROR(((N81-D81)/D81)*100,"") | AC81: =IFERROR(((S81-D81)/D81)*100,"") | AD81: =IFERROR(((X81-D81)/D81)*100,"")
A82: Elevação Lateral em Pé | E82: =B82*C82 | J82: =G82*H82 | O82: =L82*M82 | T82: =Q82*R82 | Y82: =V82*W82 | AA82: =IFERROR(((I82-D82)/D82)*100,"") | AB82: =IFERROR(((N82-D82)/D82)*100,"") | AC82: =IFERROR(((S82-D82)/D82)*100,"") | AD82: =IFERROR(((X82-D82)/D82)*100,"")
A83: Encolhimento Smith | E83: =B83*C83 | J83: =G83*H83 | O83: =L83*M83 | T83: =Q83*R83 | Y83: =V83*W83 | AA83: =IFERROR(((I83-D83)/D83)*100,"") | AB83: =IFERROR(((N83-D83)/D83)*100,"") | AC83: =IFERROR(((S83-D83)/D83)*100,"") | AD83: =IFERROR(((X83-D83)/D83)*100,"")
A84: Flexão Quadril/Coluna Paralelas | E84: =B84*C84 | J84: =G84*H84 | O84: =L84*M84 | T84: =Q84*R84 | Y84: =V84*W84 | AA84: =IFERROR(((I84-D84)/D84)*100,"") | AB84: =IFERROR(((N84-D84)/D84)*100,"") | AC84: =IFERROR(((S84-D84)/D84)*100,"") | AD84: =IFERROR(((X84-D84)/D84)*100,"")
A85: Flexão de Coluna Máquina | E85: =B85*C85 | J85: =G85*H85 | O85: =L85*M85 | T85: =Q85*R85 | Y85: =V85*W85 | AA85: =IFERROR(((I85-D85)/D85)*100,"") | AB85: =IFERROR(((N85-D85)/D85)*100,"") | AC85: =IFERROR(((S85-D85)/D85)*100,"") | AD85: =IFERROR(((X85-D85)/D85)*100,"")
E86: =B86*C86 | J86: =G86*H86 | O86: =L86*M86 | T86: =Q86*R86 | Y86: =V86*W86 | AA86: =IFERROR(((I86-D86)/D86)*100,"") | AB86: =IFERROR(((N86-D86)/D86)*100,"") | AC86: =IFERROR(((S86-D86)/D86)*100,"") | AD86: =IFERROR(((X86-D86)/D86)*100,"")
E87: =B87*C87 | J87: =G87*H87 | O87: =L87*M87 | T87: =Q87*R87 | Y87: =V87*W87 | AA87: =IFERROR(((I87-D87)/D87)*100,"") | AB87: =IFERROR(((N87-D87)/D87)*100,"") | AC87: =IFERROR(((S87-D87)/D87)*100,"") | AD87: =IFERROR(((X87-D87)/D87)*100,"")
E88: =B88*C88 | J88: =G88*H88 | O88: =L88*M88 | T88: =Q88*R88 | Y88: =V88*W88 | AA88: =IFERROR(((I88-D88)/D88)*100,"") | AB88: =IFERROR(((N88-D88)/D88)*100,"") | AC88: =IFERROR(((S88-D88)/D88)*100,"") | AD88: =IFERROR(((X88-D88)/D88)*100,"") | AM88: =AG88*AG87 | AN88: =AH88*AH87 | AO88: =AJ88*AJ87 | AP88: =AK88*AK87 | AQ88: =AL88*AL87
E89: PR | J89: PR | O89: PR | T89: PR | AC89: PR-M | AD89: =IFERROR(AVERAGE(G89,L89,Q89,V89),"")
E90: =SUM(E77:E88) | J90: =SUM(J77:J88) | O90: =SUM(O77:O88) | T90: =SUM(T77:T88) | Y90: =SUM(Y77:Y88)
L91: Son | M91: Estr | N91: Fad | O91: Dor | Q91: Média | T91: Teste de potência
A92: SÁBADO | C92: DATA | Q92: =IFERROR(AVERAGE(L92:O92),"") | S92: =Q92
A93: Exercícios | B93: série 1 | G93: série 2 | L93: série 3 | Q93: série 4 | V93: série 5 | AA93: VEL (2x1) | AB93: VEL (3x1) | AC93: VEL (4x1) | AD93: VEL (5x1) | AG93: VTT-SESSÃO | AJ93: CARGA DE TREINO (U.A)
B94: nº reps | C94: peso(kg) | D94: veloc(s) | E94: VTT (sér) | G94: nº reps | H94: peso(kg) | I94: veloc(s) | J94: VTT (sér) | L94: nº reps | M94: peso(kg) | N94: veloc(s) | O94: VTT (sér) | Q94: nº reps | R94: peso(kg) | S94: veloc(s) | T94: VTT (sér) | V94: nº reps | W94: peso(kg) | X94: veloc(s) | Y94: VTT (sér) | AG94: =SUM(E108+J108+O108+T108+Y108) | AJ94: =AE95*AG97
E95: =B95*C95 | J95: =G95*H95 | O95: =L95*M95 | T95: =Q95*R95 | Y95: =V95*W95 | AA95: =IFERROR(((I95-D95)/D95)*100,"") | AB95: =IFERROR(((N95-D95)/D95)*100,"") | AC95: =IFERROR(((S95-D95)/D95)*100,"") | AD95: =IFERROR(((X95-D95)/D95)*100,"")
A96: Rosca Direta Barra W | E96: =B96*C96 | J96: =G96*H96 | O96: =L96*M96 | T96: =Q96*R96 | Y96: =V96*W96 | AA96: =IFERROR(((I96-D96)/D96)*100,"") | AB96: =IFERROR(((N96-D96)/D96)*100,"") | AC96: =IFERROR(((S96-D96)/D96)*100,"") | AD96: =IFERROR(((X96-D96)/D96)*100,"") | AG96: Tempo total sessão (min)
A97: Rosca Sentado Máquina | E97: =B97*C97 | J97: =G97*H97 | O97: =L97*M97 | T97: =Q97*R97 | Y97: =V97*W97 | AA97: =IFERROR(((I97-D97)/D97)*100,"") | AB97: =IFERROR(((N97-D97)/D97)*100,"") | AC97: =IFERROR(((S97-D97)/D97)*100,"") | AD97: =IFERROR(((X97-D97)/D97)*100,"")
A98: Rosca Simultâneo 45° + Apoio Tórax 30° | E98: =B98*C98 | J98: =G98*H98 | O98: =L98*M98 | T98: =Q98*R98 | Y98: =V98*W98 | AA98: =IFERROR(((I98-D98)/D98)*100,"") | AB98: =IFERROR(((N98-D98)/D98)*100,"") | AC98: =IFERROR(((S98-D98)/D98)*100,"") | AD98: =IFERROR(((X98-D98)/D98)*100,"")
A99: Coice Unilateral | E99: =B99*C99 | J99: =G99*H99 | O99: =L99*M99 | T99: =Q99*R99 | Y99: =V99*W99 | AA99: =IFERROR(((I99-D99)/D99)*100,"") | AB99: =IFERROR(((N99-D99)/D99)*100,"") | AC99: =IFERROR(((S99-D99)/D99)*100,"") | AD99: =IFERROR(((X99-D99)/D99)*100,"")
A100: Tríceps Pulley Pronado | E100: =B100*C100 | J100: =G100*H100 | O100: =L100*M100 | T100: =Q100*R100 | Y100: =V100*W100 | AA100: =IFERROR(((I100-D100)/D100)*100,"") | AB100: =IFERROR(((N100-D100)/D100)*100,"") | AC100: =IFERROR(((S100-D100)/D100)*100,"") | AD100: =IFERROR(((X100-D100)/D100)*100,"")
...

Sheet SEM 7
A1: SEMANA 7 | L1: Son | M1: Estr | N1: Fad | O1: Dor | Q1: Média | T1: Teste de potência
A2: SEGUNDA-FEIRA | C2: DATA | Q2: =IFERROR(AVERAGE(L2:O2),"") | S2: =Q2
A3: Exercícios | B3: série 1 | G3: série 2 | L3: série 3 | Q3: série 4 | V3: série 5 | AA3: VEL (2x1) | AB3: VEL (3x1) | AC3: VEL (4x1) | AD3: VEL (5x1) | AG3: VTT-SESSÃO | AJ3: CARGA DE TREINO (U.A)
B4: nº reps | C4: peso(kg) | D4: veloc(s) | E4: VTT (sér) | G4: nº reps | H4: peso(kg) | I4: veloc(s) | J4: VTT (sér) | L4: nº reps | M4: peso(kg) | N4: veloc(s) | O4: VTT (sér) | Q4: nº reps | R4: peso(kg) | S4: veloc(s) | T4: VTT (sér) | V4: nº reps | W4: peso(kg) | X4: veloc(s) | Y4: VTT (sér) | AG4: =SUM(E18+J18+O18+T18+Y18) | AJ4: =AE5*AG7
E5: =B5*C5 | J5: =G5*H5 | O5: =L5*M5 | T5: =Q5*R5 | Y5: =V5*W5 | AA5: =IFERROR(((I5-D5)/D5)*100,"") | AB5: =IFERROR(((N5-D5)/D5)*100,"") | AC5: =IFERROR(((S5-D5)/D5)*100,"") | AD5: =IFERROR(((X5-D5)/D5)*100,"")
A6: Cadeira Abdutora 90° | E6: =B6*C6 | J6: =G6*H6 | O6: =L6*M6 | T6: =Q6*R6 | Y6: =V6*W6 | AA6: =IFERROR(((I6-D6)/D6)*100,"") | AB6: =IFERROR(((N6-D6)/D6)*100,"") | AC6: =IFERROR(((S6-D6)/D6)*100,"") | AD6: =IFERROR(((X6-D6)/D6)*100,"") | AG6: Tempo total sessão (min)
A7: Elevação Pélvica (livre/máq) | E7: =B7*C7 | J7: =G7*H7 | O7: =L7*M7 | T7: =Q7*R7 | Y7: =V7*W7 | AA7: =IFERROR(((I7-D7)/D7)*100,"") | AB7: =IFERROR(((N7-D7)/D7)*100,"") | AC7: =IFERROR(((S7-D7)/D7)*100,"") | AD7: =IFERROR(((X7-D7)/D7)*100,"")
A8: Afundo no Smith | E8: =B8*C8 | J8: =G8*H8 | O8: =L8*M8 | T8: =Q8*R8 | Y8: =V8*W8 | AA8: =IFERROR(((I8-D8)/D8)*100,"") | AB8: =IFERROR(((N8-D8)/D8)*100,"") | AC8: =IFERROR(((S8-D8)/D8)*100,"") | AD8: =IFERROR(((X8-D8)/D8)*100,"")
A9: Agachamento Livre | E9: =B9*C9 | J9: =G9*H9 | O9: =L9*M9 | T9: =Q9*R9 | Y9: =V9*W9 | AA9: =IFERROR(((I9-D9)/D9)*100,"") | AB9: =IFERROR(((N9-D9)/D9)*100,"") | AC9: =IFERROR(((S9-D9)/D9)*100,"") | AD9: =IFERROR(((X9-D9)/D9)*100,"")
A10: Leg Press 45° | E10: =B10*C10 | J10: =G10*H10 | O10: =L10*M10 | T10: =Q10*R10 | Y10: =V10*W10 | AA10: =IFERROR(((I10-D10)/D10)*100,"") | AB10: =IFERROR(((N10-D10)/D10)*100,"") | AC10: =IFERROR(((S10-D10)/D10)*100,"") | AD10: =IFERROR(((X10-D10)/D10)*100,"")
A11: Cadeira Extensora | E11: =B11*C11 | J11: =G11*H11 | O11: =L11*M11 | T11: =Q11*R11 | Y11: =V11*W11 | AA11: =IFERROR(((I11-D11)/D11)*100,"") | AB11: =IFERROR(((N11-D11)/D11)*100,"") | AC11: =IFERROR(((S11-D11)/D11)*100,"") | AD11: =IFERROR(((X11-D11)/D11)*100,"")
A12: Gêmeos Sentado | E12: =B12*C12 | J12: =G12*H12 | O12: =L12*M12 | T12: =Q12*R12 | Y12: =V12*W12 | AA12: =IFERROR(((I12-D12)/D12)*100,"") | AB12: =IFERROR(((N12-D12)/D12)*100,"") | AC12: =IFERROR(((S12-D12)/D12)*100,"") | AD12: =IFERROR(((X12-D12)/D12)*100,"")
A13: Gêmeos Máquina em Pé | E13: =B13*C13 | J13: =G13*H13 | O13: =L13*M13 | T13: =Q13*R13 | Y13: =V13*W13 | AA13: =IFERROR(((I13-D13)/D13)*100,"") | AB13: =IFERROR(((N13-D13)/D13)*100,"") | AC13: =IFERROR(((S13-D13)/D13)*100,"") | AD13: =IFERROR(((X13-D13)/D13)*100,"")
E14: =B14*C14 | J14: =G14*H14 | O14: =L14*M14 | T14: =Q14*R14 | Y14: =V14*W14 | AA14: =IFERROR(((I14-D14)/D14)*100,"") | AB14: =IFERROR(((N14-D14)/D14)*100,"") | AC14: =IFERROR(((S14-D14)/D14)*100,"") | AD14: =IFERROR(((X14-D14)/D14)*100,"")
E15: =B15*C15 | J15: =G15*H15 | O15: =L15*M15 | T15: =Q15*R15 | Y15: =V15*W15 | AA15: =IFERROR(((I15-D15)/D15)*100,"") | AB15: =IFERROR(((N15-D15)/D15)*100,"") | AC15: =IFERROR(((S15-D15)/D15)*100,"") | AD15: =IFERROR(((X15-D15)/D15)*100,"")
E16: =B16*C16 | J16: =G16*H16 | O16: =L16*M16 | T16: =Q16*R16 | Y16: =V16*W16 | AA16: =IFERROR(((I16-D16)/D16)*100,"") | AB16: =IFERROR(((N16-D16)/D16)*100,"") | AC16: =IFERROR(((S16-D16)/D16)*100,"") | AD16: =IFERROR(((X16-D16)/D16)*100,"") | AN16: =AH16*AH15 | AO16: =AJ16*AJ15 | AP16: =AK16*AK15 | AQ16: =AL16*AL15
E17: PR | J17: PR | O17: PR | T17: PR | AC17: PR-M | AD17: =IFERROR(AVERAGE(G17,L17,Q17,V17),"")
E18: =SUM(E5:E16) | J18: =SUM(J5:J16) | O18: =SUM(O5:O16) | T18: =SUM(T5:T16) | Y18: =SUM(Y5:Y16)
L19: Son | M19: Estr | N19: Fad | O19: Dor | Q19: Média | T19: Teste de potência
A20: TERÇA-FEIRA | C20: DATA | Q20: =IFERROR(AVERAGE(L20:O20),"") | S20: =Q20
A21: Exercícios | B21: série 1 | G21: série 2 | L21: série 3 | Q21: série 4 | V21: série 5 | AA21: VEL (2x1) | AB21: VEL (3x1) | AC21: VEL (4x1) | AD21: VEL (5x1) | AG21: VTT-SESSÃO | AJ21: CARGA DE TREINO (U.A)
B22: nº reps | C22: peso(kg) | D22: veloc(s) | E22: VTT (sér) | G22: nº reps | H22: peso(kg) | I22: veloc(s) | J22: VTT (sér) | L22: nº reps | M22: peso(kg) | N22: veloc(s) | O22: VTT (sér) | Q22: nº reps | R22: peso(kg) | S22: veloc(s) | T22: VTT (sér) | V22: nº reps | W22: peso(kg) | X22: veloc(s) | Y22: VTT (sér) | AG22: =SUM(E36+J36+O36+T36+Y36) | AJ22: =AE23*AG25
E23: =B23*C23 | J23: =G23*H23 | O23: =L23*M23 | T23: =Q23*R23 | Y23: =V23*W23 | AA23: =IFERROR(((I23-D23)/D23)*100,"") | AB23: =IFERROR(((N23-D23)/D23)*100,"") | AC23: =IFERROR(((S23-D23)/D23)*100,"") | AD23: =IFERROR(((X23-D23)/D23)*100,"")
A24: Supino Inclinado Smith 30° | E24: =B24*C24 | J24: =G24*H24 | O24: =L24*M24 | T24: =Q24*R24 | Y24: =V24*W24 | AA24: =IFERROR(((I24-D24)/D24)*100,"") | AB24: =IFERROR(((N24-D24)/D24)*100,"") | AC24: =IFERROR(((S24-D24)/D24)*100,"") | AD24: =IFERROR(((X24-D24)/D24)*100,"") | AG24: Tempo total sessão (min)
A25: Fly Inclinado Banco 30° | E25: =B25*C25 | J25: =G25*H25 | O25: =L25*M25 | T25: =Q25*R25 | Y25: =V25*W25 | AA25: =IFERROR(((I25-D25)/D25)*100,"") | AB25: =IFERROR(((N25-D25)/D25)*100,"") | AC25: =IFERROR(((S25-D25)/D25)*100,"") | AD25: =IFERROR(((X25-D25)/D25)*100,"")
A26: Fly Reto | E26: =B26*C26 | J26: =G26*H26 | O26: =L26*M26 | T26: =Q26*R26 | Y26: =V26*W26 | AA26: =IFERROR(((I26-D26)/D26)*100,"") | AB26: =IFERROR(((N26-D26)/D26)*100,"") | AC26: =IFERROR(((S26-D26)/D26)*100,"") | AD26: =IFERROR(((X26-D26)/D26)*100,"")
A27: Cross-over | E27: =B27*C27 | J27: =G27*H27 | O27: =L27*M27 | T27: =Q27*R27 | Y27: =V27*W27 | AA27: =IFERROR(((I27-D27)/D27)*100,"") | AB27: =IFERROR(((N27-D27)/D27)*100,"") | AC27: =IFERROR(((S27-D27)/D27)*100,"") | AD27: =IFERROR(((X27-D27)/D27)*100,"")
A28: Crucifixo em Máquina | E28: =B28*C28 | J28: =G28*H28 | O28: =L28*M28 | T28: =Q28*R28 | Y28: =V28*W28 | AA28: =IFERROR(((I28-D28)/D28)*100,"") | AB28: =IFERROR(((N28-D28)/D28)*100,"") | AC28: =IFERROR(((S28-D28)/D28)*100,"") | AD28: =IFERROR(((X28-D28)/D28)*100,"")
A29: Elevação Frontal Corda | E29: =B29*C29 | J29: =G29*H29 | O29: =L29*M29 | T29: =Q29*R29 | Y29: =V29*W29 | AA29: =IFERROR(((I29-D29)/D29)*100,"") | AB29: =IFERROR(((N29-D29)/D29)*100,"") | AC29: =IFERROR(((S29-D29)/D29)*100,"") | AD29: =IFERROR(((X29-D29)/D29)*100,"")
A30: Flexão Quadril/Coluna Paralelas | E30: =B30*C30 | J30: =G30*H30 | O30: =L30*M30 | T30: =Q30*R30 | Y30: =V30*W30 | AA30: =IFERROR(((I30-D30)/D30)*100,"") | AB30: =IFERROR(((N30-D30)/D30)*100,"") | AC30: =IFERROR(((S30-D30)/D30)*100,"") | AD30: =IFERROR(((X30-D30)/D30)*100,"")
A31: Flexão de Coluna Máquina | E31: =B31*C31 | J31: =G31*H31 | O31: =L31*M31 | T31: =Q31*R31 | Y31: =V31*W31 | AA31: =IFERROR(((I31-D31)/D31)*100,"") | AB31: =IFERROR(((N31-D31)/D31)*100,"") | AC31: =IFERROR(((S31-D31)/D31)*100,"") | AD31: =IFERROR(((X31-D31)/D31)*100,"")
E32: =B32*C32 | J32: =G32*H32 | O32: =L32*M32 | T32: =Q32*R32 | Y32: =V32*W32 | AA32: =IFERROR(((I32-D32)/D32)*100,"") | AB32: =IFERROR(((N32-D32)/D32)*100,"") | AC32: =IFERROR(((S32-D32)/D32)*100,"") | AD32: =IFERROR(((X32-D32)/D32)*100,"")
E33: =B33*C33 | J33: =G33*H33 | O33: =L33*M33 | T33: =Q33*R33 | Y33: =V33*W33 | AA33: =IFERROR(((I33-D33)/D33)*100,"") | AB33: =IFERROR(((N33-D33)/D33)*100,"") | AC33: =IFERROR(((S33-D33)/D33)*100,"") | AD33: =IFERROR(((X33-D33)/D33)*100,"")
E34: =B34*C34 | J34: =G34*H34 | O34: =L34*M34 | T34: =Q34*R34 | Y34: =V34*W34 | AA34: =IFERROR(((I34-D34)/D34)*100,"") | AB34: =IFERROR(((N34-D34)/D34)*100,"") | AC34: =IFERROR(((S34-D34)/D34)*100,"") | AD34: =IFERROR(((X34-D34)/D34)*100,"") | AM34: =AG34*AG33 | AN34: =AH34*AH33 | AO34: =AJ34*AJ33 | AP34: =AK34*AK33 | AQ34: =AL34*AL33
E35: PR | J35: PR | O35: PR | T35: PR | AC35: PR-M | AD35: =IFERROR(AVERAGE(G35,L35,Q35,V35),"")
E36: =SUM(E23:E34) | J36: =SUM(J23:J34) | O36: =SUM(O23:O34) | T36: =SUM(T23:T34) | Y36: =SUM(Y23:Y34)
L37: Son | M37: Estr | N37: Fad | O37: Dor | Q37: Média | T37: Teste de potência
A38: QUARTA-FEIRA | C38: DATA | Q38: =IFERROR(AVERAGE(L38:O38),"") | S38: =Q38
A39: Exercícios | B39: série 1 | G39: série 2 | L39: série 3 | Q39: série 4 | V39: série 5 | AA39: VEL (2x1) | AB39: VEL (3x1) | AC39: VEL (4x1) | AD39: VEL (5x1) | AG39: VTT-SESSÃO | AJ39: CARGA DE TREINO (U.A)
B40: nº reps | C40: peso(kg) | D40: veloc(s) | E40: VTT (sér) | G40: nº reps | H40: peso(kg) | I40: veloc(s) | J40: VTT (sér) | L40: nº reps | M40: peso(kg) | N40: veloc(s) | O40: VTT (sér) | Q40: nº reps | R40: peso(kg) | S40: veloc(s) | T40: VTT (sér) | V40: nº reps | W40: peso(kg) | X40: veloc(s) | Y40: VTT (sér) | AG40: =SUM(E54+J54+O54+T54+Y54) | AJ40: =AE41*AG43
E41: =B41*C41 | J41: =G41*H41 | O41: =L41*M41 | T41: =Q41*R41 | Y41: =V41*W41 | AA41: =IFERROR(((I41-D41)/D41)*100,"") | AB41: =IFERROR(((N41-D41)/D41)*100,"") | AC41: =IFERROR(((S41-D41)/D41)*100,"") | AD41: =IFERROR(((X41-D41)/D41)*100,"")
A42: Barra Fixa Aberta (livre/gravitron) | E42: =B42*C42 | J42: =G42*H42 | O42: =L42*M42 | T42: =Q42*R42 | Y42: =V42*W42 | AA42: =IFERROR(((I42-D42)/D42)*100,"") | AB42: =IFERROR(((N42-D42)/D42)*100,"") | AC42: =IFERROR(((S42-D42)/D42)*100,"") | AD42: =IFERROR(((X42-D42)/D42)*100,"") | AG42: Tempo total sessão (min)
A43: Pulley Frente Aberto | E43: =B43*C43 | J43: =G43*H43 | O43: =L43*M43 | T43: =Q43*R43 | Y43: =V43*W43 | AA43: =IFERROR(((I43-D43)/D43)*100,"") | AB43: =IFERROR(((N43-D43)/D43)*100,"") | AC43: =IFERROR(((S43-D43)/D43)*100,"") | AD43: =IFERROR(((X43-D43)/D43)*100,"")
A44: Remada Cavalinho Fechada | E44: =B44*C44 | J44: =G44*H44 | O44: =L44*M44 | T44: =Q44*R44 | Y44: =V44*W44 | AA44: =IFERROR(((I44-D44)/D44)*100,"") | AB44: =IFERROR(((N44-D44)/D44)*100,"") | AC44: =IFERROR(((S44-D44)/D44)*100,"") | AD44: =IFERROR(((X44-D44)/D44)*100,"")
A45: Remada Máquina Pegada Neutra | E45: =B45*C45 | J45: =G45*H45 | O45: =L45*M45 | T45: =Q45*R45 | Y45: =V45*W45 | AA45: =IFERROR(((I45-D45)/D45)*100,"") | AB45: =IFERROR(((N45-D45)/D45)*100,"") | AC45: =IFERROR(((S45-D45)/D45)*100,"") | AD45: =IFERROR(((X45-D45)/D45)*100,"")
A46: Remada Curvada Aberta | E46: =B46*C46 | J46: =G46*H46 | O46: =L46*M46 | T46: =Q46*R46 | Y46: =V46*W46 | AA46: =IFERROR(((I46-D46)/D46)*100,"") | AB46: =IFERROR(((N46-D46)/D46)*100,"") | AC46: =IFERROR(((S46-D46)/D46)*100,"") | AD46: =IFERROR(((X46-D46)/D46)*100,"")
A47: Crucifixo Inverso Máquina | E47: =B47*C47 | J47: =G47*H47 | O47: =L47*M47 | T47: =Q47*R47 | Y47: =V47*W47 | AA47: =IFERROR(((I47-D47)/D47)*100,"") | AB47: =IFERROR(((N47-D47)/D47)*100,"") | AC47: =IFERROR(((S47-D47)/D47)*100,"") | AD47: =IFERROR(((X47-D47)/D47)*100,"")
A48: Extensão Coluna Banco Eretor | E48: =B48*C48 | J48: =G48*H48 | O48: =L48*M48 | T48: =Q48*R48 | Y48: =V48*W48 | AA48: =IFERROR(((I48-D48)/D48)*100,"") | AB48: =IFERROR(((N48-D48)/D48)*100,"") | AC48: =IFERROR(((S48-D48)/D48)*100,"") | AD48: =IFERROR(((X48-D48)/D48)*100,"")
E49: =B49*C49 | J49: =G49*H49 | O49: =L49*M49 | T49: =Q49*R49 | Y49: =V49*W49 | AA49: =IFERROR(((I49-D49)/D49)*100,"") | AB49: =IFERROR(((N49-D49)/D49)*100,"") | AC49: =IFERROR(((S49-D49)/D49)*100,"") | AD49: =IFERROR(((X49-D49)/D49)*100,"")
E50: =B50*C50 | J50: =G50*H50 | O50: =L50*M50 | T50: =Q50*R50 | Y50: =V50*W50 | AA50: =IFERROR(((I50-D50)/D50)*100,"") | AB50: =IFERROR(((N50-D50)/D50)*100,"") | AC50: =IFERROR(((S50-D50)/D50)*100,"") | AD50: =IFERROR(((X50-D50)/D50)*100,"")
E51: =B51*C51 | J51: =G51*H51 | O51: =L51*M51 | T51: =Q51*R51 | Y51: =V51*W51 | AA51: =IFERROR(((I51-D51)/D51)*100,"") | AB51: =IFERROR(((N51-D51)/D51)*100,"") | AC51: =IFERROR(((S51-D51)/D51)*100,"") | AD51: =IFERROR(((X51-D51)/D51)*100,"")
E52: =B52*C52 | J52: =G52*H52 | O52: =L52*M52 | T52: =Q52*R52 | Y52: =V52*W52 | AA52: =IFERROR(((I52-D52)/D52)*100,"") | AB52: =IFERROR(((N52-D52)/D52)*100,"") | AC52: =IFERROR(((S52-D52)/D52)*100,"") | AD52: =IFERROR(((X52-D52)/D52)*100,"") | AM52: =AG52*AG51 | AN52: =AH52*AH51 | AO52: =AJ52*AJ51 | AP52: =AK52*AK51 | AQ52: =AL52*AL51
E53: PR | J53: PR | O53: PR | T53: PR | AC53: PR-M | AD53: =IFERROR(AVERAGE(G53,L53,Q53,V53),"")
E54: =SUM(E41:E52) | J54: =SUM(J41:J52) | O54: =SUM(O41:O52) | T54: =SUM(T41:T52) | Y54: =SUM(Y41:Y52)
L55: Son | M55: Estr | N55: Fad | O55: Dor | Q55: Média | T55: Teste de potência
A56: QUINTA-FEIRA | C56: DATA | Q56: =IFERROR(AVERAGE(L56:O56),"") | S56: =Q56
A57: Exercícios | B57: série 1 | G57: série 2 | L57: série 3 | Q57: série 4 | V57: série 5 | AA57: VEL (2x1) | AB57: VEL (3x1) | AC57: VEL (4x1) | AD57: VEL (5x1) | AG57: VTT-SESSÃO | AJ57: CARGA DE TREINO (U.A)
B58: nº reps | C58: peso(kg) | D58: veloc(s) | E58: VTT (sér) | G58: nº reps | H58: peso(kg) | I58: veloc(s) | J58: VTT (sér) | L58: nº reps | M58: peso(kg) | N58: veloc(s) | O58: VTT (sér) | Q58: nº reps | R58: peso(kg) | S58: veloc(s) | T58: VTT (sér) | V58: nº reps | W58: peso(kg) | X58: veloc(s) | Y58: VTT (sér) | AG58: =SUM(E72+J72+O72+T72+Y72) | AJ58: =AE59*AG61
E59: =B59*C59 | J59: =G59*H59 | O59: =L59*M59 | T59: =Q59*R59 | Y59: =V59*W59 | AA59: =IFERROR(((I59-D59)/D59)*100,"") | AB59: =IFERROR(((N59-D59)/D59)*100,"") | AC59: =IFERROR(((S59-D59)/D59)*100,"") | AD59: =IFERROR(((X59-D59)/D59)*100,"")
A60: Cadeira Abdutora 90° | E60: =B60*C60 | J60: =G60*H60 | O60: =L60*M60 | T60: =Q60*R60 | Y60: =V60*W60 | AA60: =IFERROR(((I60-D60)/D60)*100,"") | AB60: =IFERROR(((N60-D60)/D60)*100,"") | AC60: =IFERROR(((S60-D60)/D60)*100,"") | AD60: =IFERROR(((X60-D60)/D60)*100,"") | AG60: Tempo total sessão (min)
A61: Elevação Pélvica Máquina | E61: =B61*C61 | J61: =G61*H61 | O61: =L61*M61 | T61: =Q61*R61 | Y61: =V61*W61 | AA61: =IFERROR(((I61-D61)/D61)*100,"") | AB61: =IFERROR(((N61-D61)/D61)*100,"") | AC61: =IFERROR(((S61-D61)/D61)*100,"") | AD61: =IFERROR(((X61-D61)/D61)*100,"")
A62: Levantamento Terra | E62: =B62*C62 | J62: =G62*H62 | O62: =L62*M62 | T62: =Q62*R62 | Y62: =V62*W62 | AA62: =IFERROR(((I62-D62)/D62)*100,"") | AB62: =IFERROR(((N62-D62)/D62)*100,"") | AC62: =IFERROR(((S62-D62)/D62)*100,"") | AD62: =IFERROR(((X62-D62)/D62)*100,"")
A63: Stiff c/ Barra | E63: =B63*C63 | J63: =G63*H63 | O63: =L63*M63 | T63: =Q63*R63 | Y63: =V63*W63 | AA63: =IFERROR(((I63-D63)/D63)*100,"") | AB63: =IFERROR(((N63-D63)/D63)*100,"") | AC63: =IFERROR(((S63-D63)/D63)*100,"") | AD63: =IFERROR(((X63-D63)/D63)*100,"")
A64: Mesa Flexora | E64: =B64*C64 | J64: =G64*H64 | O64: =L64*M64 | T64: =Q64*R64 | Y64: =V64*W64 | AA64: =IFERROR(((I64-D64)/D64)*100,"") | AB64: =IFERROR(((N64-D64)/D64)*100,"") | AC64: =IFERROR(((S64-D64)/D64)*100,"") | AD64: =IFERROR(((X64-D64)/D64)*100,"")
A65: Cadeira Flexora | E65: =B65*C65 | J65: =G65*H65 | O65: =L65*M65 | T65: =Q65*R65 | Y65: =V65*W65 | AA65: =IFERROR(((I65-D65)/D65)*100,"") | AB65: =IFERROR(((N65-D65)/D65)*100,"") | AC65: =IFERROR(((S65-D65)/D65)*100,"") | AD65: =IFERROR(((X65-D65)/D65)*100,"")
A66: Gêmeos Sentado | E66: =B66*C66 | J66: =G66*H66 | O66: =L66*M66 | T66: =Q66*R66 | Y66: =V66*W66 | AA66: =IFERROR(((I66-D66)/D66)*100,"") | AB66: =IFERROR(((N66-D66)/D66)*100,"") | AC66: =IFERROR(((S66-D66)/D66)*100,"") | AD66: =IFERROR(((X66-D66)/D66)*100,"")
A67: Gêmeos Máquina em Pé | E67: =B67*C67 | J67: =G67*H67 | O67: =L67*M67 | T67: =Q67*R67 | Y67: =V67*W67 | AA67: =IFERROR(((I67-D67)/D67)*100,"") | AB67: =IFERROR(((N67-D67)/D67)*100,"") | AC67: =IFERROR(((S67-D67)/D67)*100,"") | AD67: =IFERROR(((X67-D67)/D67)*100,"")
E68: =B68*C68 | J68: =G68*H68 | O68: =L68*M68 | T68: =Q68*R68 | Y68: =V68*W68 | AA68: =IFERROR(((I68-D68)/D68)*100,"") | AB68: =IFERROR(((N68-D68)/D68)*100,"") | AC68: =IFERROR(((S68-D68)/D68)*100,"") | AD68: =IFERROR(((X68-D68)/D68)*100,"")
E69: =B69*C69 | J69: =G69*H69 | O69: =L69*M69 | T69: =Q69*R69 | Y69: =V69*W69 | AA69: =IFERROR(((I69-D69)/D69)*100,"") | AB69: =IFERROR(((N69-D69)/D69)*100,"") | AC69: =IFERROR(((S69-D69)/D69)*100,"") | AD69: =IFERROR(((X69-D69)/D69)*100,"")
E70: =B70*C70 | J70: =G70*H70 | O70: =L70*M70 | T70: =Q70*R70 | Y70: =V70*W70 | AA70: =IFERROR(((I70-D70)/D70)*100,"") | AB70: =IFERROR(((N70-D70)/D70)*100,"") | AC70: =IFERROR(((S70-D70)/D70)*100,"") | AD70: =IFERROR(((X70-D70)/D70)*100,"") | AM70: =AG70*AG69 | AN70: =AH70*AH69 | AO70: =AJ70*AJ69 | AP70: =AK70*AK69 | AQ70: =AL70*AL69
E71: PR | J71: PR | O71: PR | T71: PR | AC71: PR-M | AD71: =IFERROR(AVERAGE(G71,L71,Q71,V71),"")
E72: =SUM(E59:E70) | J72: =SUM(J59:J70) | O72: =SUM(O59:O70) | T72: =SUM(T59:T70) | Y72: =SUM(Y59:Y70)
L73: Son | M73: Estr | N73: Fad | O73: Dor | Q73: Média | T73: Teste de potência
A74: SEXTA-FEIRA | C74: DATA | Q74: =IFERROR(AVERAGE(L74:O74),"") | S74: =Q74
A75: Exercícios | B75: série 1 | G75: série 2 | L75: série 3 | Q75: série 4 | V75: série 5 | AA75: VEL (2x1) | AB75: VEL (3x1) | AC75: VEL (4x1) | AD75: VEL (5x1) | AG75: VTT-SESSÃO | AJ75: CARGA DE TREINO (U.A)
B76: nº reps | C76: peso(kg) | D76: veloc(s) | E76: VTT (sér) | G76: nº reps | H76: peso(kg) | I76: veloc(s) | J76: VTT (sér) | L76: nº reps | M76: peso(kg) | N76: veloc(s) | O76: VTT (sér) | Q76: nº reps | R76: peso(kg) | S76: veloc(s) | T76: VTT (sér) | V76: nº reps | W76: peso(kg) | X76: veloc(s) | Y76: VTT (sér) | AG76: =SUM(E90+J90+O90+T90+Y90) | AJ76: =AE77*AG79
E77: =B77*C77 | J77: =G77*H77 | O77: =L77*M77 | T77: =Q77*R77 | Y77: =V77*W77 | AA77: =IFERROR(((I77-D77)/D77)*100,"") | AB77: =IFERROR(((N77-D77)/D77)*100,"") | AC77: =IFERROR(((S77-D77)/D77)*100,"") | AD77: =IFERROR(((X77-D77)/D77)*100,"")
A78: Desenvolvimento Livre | E78: =B78*C78 | J78: =G78*H78 | O78: =L78*M78 | T78: =Q78*R78 | Y78: =V78*W78 | AA78: =IFERROR(((I78-D78)/D78)*100,"") | AB78: =IFERROR(((N78-D78)/D78)*100,"") | AC78: =IFERROR(((S78-D78)/D78)*100,"") | AD78: =IFERROR(((X78-D78)/D78)*100,"") | AG78: Tempo total sessão (min)
A79: Remada Alta Aberta até 90° | E79: =B79*C79 | J79: =G79*H79 | O79: =L79*M79 | T79: =Q79*R79 | Y79: =V79*W79 | AA79: =IFERROR(((I79-D79)/D79)*100,"") | AB79: =IFERROR(((N79-D79)/D79)*100,"") | AC79: =IFERROR(((S79-D79)/D79)*100,"") | AD79: =IFERROR(((X79-D79)/D79)*100,"")
A80: Elevação Lateral Unilateral Banco 45° | E80: =B80*C80 | J80: =G80*H80 | O80: =L80*M80 | T80: =Q80*R80 | Y80: =V80*W80 | AA80: =IFERROR(((I80-D80)/D80)*100,"") | AB80: =IFERROR(((N80-D80)/D80)*100,"") | AC80: =IFERROR(((S80-D80)/D80)*100,"") | AD80: =IFERROR(((X80-D80)/D80)*100,"")
A81: Elevação Lateral Unilateral Polia | E81: =B81*C81 | J81: =G81*H81 | O81: =L81*M81 | T81: =Q81*R81 | Y81: =V81*W81 | AA81: =IFERROR(((I81-D81)/D81)*100,"") | AB81: =IFERROR(((N81-D81)/D81)*100,"") | AC81: =IFERROR(((S81-D81)/D81)*100,"") | AD81: =IFERROR(((X81-D81)/D81)*100,"")
A82: Elevação Lateral em Pé | E82: =B82*C82 | J82: =G82*H82 | O82: =L82*M82 | T82: =Q82*R82 | Y82: =V82*W82 | AA82: =IFERROR(((I82-D82)/D82)*100,"") | AB82: =IFERROR(((N82-D82)/D82)*100,"") | AC82: =IFERROR(((S82-D82)/D82)*100,"") | AD82: =IFERROR(((X82-D82)/D82)*100,"")
A83: Encolhimento Smith | E83: =B83*C83 | J83: =G83*H83 | O83: =L83*M83 | T83: =Q83*R83 | Y83: =V83*W83 | AA83: =IFERROR(((I83-D83)/D83)*100,"") | AB83: =IFERROR(((N83-D83)/D83)*100,"") | AC83: =IFERROR(((S83-D83)/D83)*100,"") | AD83: =IFERROR(((X83-D83)/D83)*100,"")
A84: Flexão Quadril/Coluna Paralelas | E84: =B84*C84 | J84: =G84*H84 | O84: =L84*M84 | T84: =Q84*R84 | Y84: =V84*W84 | AA84: =IFERROR(((I84-D84)/D84)*100,"") | AB84: =IFERROR(((N84-D84)/D84)*100,"") | AC84: =IFERROR(((S84-D84)/D84)*100,"") | AD84: =IFERROR(((X84-D84)/D84)*100,"")
A85: Flexão de Coluna Máquina | E85: =B85*C85 | J85: =G85*H85 | O85: =L85*M85 | T85: =Q85*R85 | Y85: =V85*W85 | AA85: =IFERROR(((I85-D85)/D85)*100,"") | AB85: =IFERROR(((N85-D85)/D85)*100,"") | AC85: =IFERROR(((S85-D85)/D85)*100,"") | AD85: =IFERROR(((X85-D85)/D85)*100,"")
E86: =B86*C86 | J86: =G86*H86 | O86: =L86*M86 | T86: =Q86*R86 | Y86: =V86*W86 | AA86: =IFERROR(((I86-D86)/D86)*100,"") | AB86: =IFERROR(((N86-D86)/D86)*100,"") | AC86: =IFERROR(((S86-D86)/D86)*100,"") | AD86: =IFERROR(((X86-D86)/D86)*100,"")
E87: =B87*C87 | J87: =G87*H87 | O87: =L87*M87 | T87: =Q87*R87 | Y87: =V87*W87 | AA87: =IFERROR(((I87-D87)/D87)*100,"") | AB87: =IFERROR(((N87-D87)/D87)*100,"") | AC87: =IFERROR(((S87-D87)/D87)*100,"") | AD87: =IFERROR(((X87-D87)/D87)*100,"")
E88: =B88*C88 | J88: =G88*H88 | O88: =L88*M88 | T88: =Q88*R88 | Y88: =V88*W88 | AA88: =IFERROR(((I88-D88)/D88)*100,"") | AB88: =IFERROR(((N88-D88)/D88)*100,"") | AC88: =IFERROR(((S88-D88)/D88)*100,"") | AD88: =IFERROR(((X88-D88)/D88)*100,"") | AM88: =AG88*AG87 | AN88: =AH88*AH87 | AO88: =AJ88*AJ87 | AP88: =AK88*AK87 | AQ88: =AL88*AL87
E89: PR | J89: PR | O89: PR | T89: PR | AC89: PR-M | AD89: =IFERROR(AVERAGE(G89,L89,Q89,V89),"")
E90: =SUM(E77:E88) | J90: =SUM(J77:J88) | O90: =SUM(O77:O88) | T90: =SUM(T77:T88) | Y90: =SUM(Y77:Y88)
L91: Son | M91: Estr | N91: Fad | O91: Dor | Q91: Média | T91: Teste de potência
A92: SÁBADO | C92: DATA | Q92: =IFERROR(AVERAGE(L92:O92),"") | S92: =Q92
A93: Exercícios | B93: série 1 | G93: série 2 | L93: série 3 | Q93: série 4 | V93: série 5 | AA93: VEL (2x1) | AB93: VEL (3x1) | AC93: VEL (4x1) | AD93: VEL (5x1) | AG93: VTT-SESSÃO | AJ93: CARGA DE TREINO (U.A)
B94: nº reps | C94: peso(kg) | D94: veloc(s) | E94: VTT (sér) | G94: nº reps | H94: peso(kg) | I94: veloc(s) | J94: VTT (sér) | L94: nº reps | M94: peso(kg) | N94: veloc(s) | O94: VTT (sér) | Q94: nº reps | R94: peso(kg) | S94: veloc(s) | T94: VTT (sér) | V94: nº reps | W94: peso(kg) | X94: veloc(s) | Y94: VTT (sér) | AG94: =SUM(E108+J108+O108+T108+Y108) | AJ94: =AE95*AG97
E95: =B95*C95 | J95: =G95*H95 | O95: =L95*M95 | T95: =Q95*R95 | Y95: =V95*W95 | AA95: =IFERROR(((I95-D95)/D95)*100,"") | AB95: =IFERROR(((N95-D95)/D95)*100,"") | AC95: =IFERROR(((S95-D95)/D95)*100,"") | AD95: =IFERROR(((X95-D95)/D95)*100,"")
A96: Rosca Direta Barra W | E96: =B96*C96 | J96: =G96*H96 | O96: =L96*M96 | T96: =Q96*R96 | Y96: =V96*W96 | AA96: =IFERROR(((I96-D96)/D96)*100,"") | AB96: =IFERROR(((N96-D96)/D96)*100,"") | AC96: =IFERROR(((S96-D96)/D96)*100,"") | AD96: =IFERROR(((X96-D96)/D96)*100,"") | AG96: Tempo total sessão (min)
A97: Rosca Sentado Máquina | E97: =B97*C97 | J97: =G97*H97 | O97: =L97*M97 | T97: =Q97*R97 | Y97: =V97*W97 | AA97: =IFERROR(((I97-D97)/D97)*100,"") | AB97: =IFERROR(((N97-D97)/D97)*100,"") | AC97: =IFERROR(((S97-D97)/D97)*100,"") | AD97: =IFERROR(((X97-D97)/D97)*100,"")
A98: Rosca Simultâneo 45° + Apoio Tórax 30° | E98: =B98*C98 | J98: =G98*H98 | O98: =L98*M98 | T98: =Q98*R98 | Y98: =V98*W98 | AA98: =IFERROR(((I98-D98)/D98)*100,"") | AB98: =IFERROR(((N98-D98)/D98)*100,"") | AC98: =IFERROR(((S98-D98)/D98)*100,"") | AD98: =IFERROR(((X98-D98)/D98)*100,"")
A99: Coice Unilateral | E99: =B99*C99 | J99: =G99*H99 | O99: =L99*M99 | T99: =Q99*R99 | Y99: =V99*W99 | AA99: =IFERROR(((I99-D99)/D99)*100,"") | AB99: =IFERROR(((N99-D99)/D99)*100,"") | AC99: =IFERROR(((S99-D99)/D99)*100,"") | AD99: =IFERROR(((X99-D99)/D99)*100,"")
A100: Tríceps Pulley Pronado | E100: =B100*C100 | J100: =G100*H100 | O100: =L100*M100 | T100: =Q100*R100 | Y100: =V100*W100 | AA100: =IFERROR(((I100-D100)/D100)*100,"") | AB100: =IFERROR(((N100-D100)/D100)*100,"") | AC100: =IFERROR(((S100-D100)/D100)*100,"") | AD100: =IFERROR(((X100-D100)/D100)*100,"")
...

Sheet SEM 8
A1: SEMANA 8 | L1: Son | M1: Estr | N1: Fad | O1: Dor | Q1: Média | T1: Teste de potência
A2: SEGUNDA-FEIRA | C2: DATA | Q2: =IFERROR(AVERAGE(L2:O2),"") | S2: =Q2
A3: Exercícios | B3: série 1 | G3: série 2 | L3: série 3 | Q3: série 4 | V3: série 5 | AA3: VEL (2x1) | AB3: VEL (3x1) | AC3: VEL (4x1) | AD3: VEL (5x1) | AG3: VTT-SESSÃO | AJ3: CARGA DE TREINO (U.A)
B4: nº reps | C4: peso(kg) | D4: veloc(s) | E4: VTT (sér) | G4: nº reps | H4: peso(kg) | I4: veloc(s) | J4: VTT (sér) | L4: nº reps | M4: peso(kg) | N4: veloc(s) | O4: VTT (sér) | Q4: nº reps | R4: peso(kg) | S4: veloc(s) | T4: VTT (sér) | V4: nº reps | W4: peso(kg) | X4: veloc(s) | Y4: VTT (sér) | AG4: =SUM(E18+J18+O18+T18+Y18) | AJ4: =AE5*AG7
E5: =B5*C5 | J5: =G5*H5 | O5: =L5*M5 | T5: =Q5*R5 | Y5: =V5*W5 | AA5: =IFERROR(((I5-D5)/D5)*100,"") | AB5: =IFERROR(((N5-D5)/D5)*100,"") | AC5: =IFERROR(((S5-D5)/D5)*100,"") | AD5: =IFERROR(((X5-D5)/D5)*100,"")
A6: Cadeira Abdutora 90° | E6: =B6*C6 | J6: =G6*H6 | O6: =L6*M6 | T6: =Q6*R6 | Y6: =V6*W6 | AA6: =IFERROR(((I6-D6)/D6)*100,"") | AB6: =IFERROR(((N6-D6)/D6)*100,"") | AC6: =IFERROR(((S6-D6)/D6)*100,"") | AD6: =IFERROR(((X6-D6)/D6)*100,"") | AG6: Tempo total sessão (min)
A7: Elevação Pélvica (livre/máq) | E7: =B7*C7 | J7: =G7*H7 | O7: =L7*M7 | T7: =Q7*R7 | Y7: =V7*W7 | AA7: =IFERROR(((I7-D7)/D7)*100,"") | AB7: =IFERROR(((N7-D7)/D7)*100,"") | AC7: =IFERROR(((S7-D7)/D7)*100,"") | AD7: =IFERROR(((X7-D7)/D7)*100,"")
A8: Afundo no Smith | E8: =B8*C8 | J8: =G8*H8 | O8: =L8*M8 | T8: =Q8*R8 | Y8: =V8*W8 | AA8: =IFERROR(((I8-D8)/D8)*100,"") | AB8: =IFERROR(((N8-D8)/D8)*100,"") | AC8: =IFERROR(((S8-D8)/D8)*100,"") | AD8: =IFERROR(((X8-D8)/D8)*100,"")
A9: Agachamento Livre | E9: =B9*C9 | J9: =G9*H9 | O9: =L9*M9 | T9: =Q9*R9 | Y9: =V9*W9 | AA9: =IFERROR(((I9-D9)/D9)*100,"") | AB9: =IFERROR(((N9-D9)/D9)*100,"") | AC9: =IFERROR(((S9-D9)/D9)*100,"") | AD9: =IFERROR(((X9-D9)/D9)*100,"")
A10: Leg Press 45° | E10: =B10*C10 | J10: =G10*H10 | O10: =L10*M10 | T10: =Q10*R10 | Y10: =V10*W10 | AA10: =IFERROR(((I10-D10)/D10)*100,"") | AB10: =IFERROR(((N10-D10)/D10)*100,"") | AC10: =IFERROR(((S10-D10)/D10)*100,"") | AD10: =IFERROR(((X10-D10)/D10)*100,"")
A11: Cadeira Extensora | E11: =B11*C11 | J11: =G11*H11 | O11: =L11*M11 | T11: =Q11*R11 | Y11: =V11*W11 | AA11: =IFERROR(((I11-D11)/D11)*100,"") | AB11: =IFERROR(((N11-D11)/D11)*100,"") | AC11: =IFERROR(((S11-D11)/D11)*100,"") | AD11: =IFERROR(((X11-D11)/D11)*100,"")
A12: Gêmeos Sentado | E12: =B12*C12 | J12: =G12*H12 | O12: =L12*M12 | T12: =Q12*R12 | Y12: =V12*W12 | AA12: =IFERROR(((I12-D12)/D12)*100,"") | AB12: =IFERROR(((N12-D12)/D12)*100,"") | AC12: =IFERROR(((S12-D12)/D12)*100,"") | AD12: =IFERROR(((X12-D12)/D12)*100,"")
A13: Gêmeos Máquina em Pé | E13: =B13*C13 | J13: =G13*H13 | O13: =L13*M13 | T13: =Q13*R13 | Y13: =V13*W13 | AA13: =IFERROR(((I13-D13)/D13)*100,"") | AB13: =IFERROR(((N13-D13)/D13)*100,"") | AC13: =IFERROR(((S13-D13)/D13)*100,"") | AD13: =IFERROR(((X13-D13)/D13)*100,"")
E14: =B14*C14 | J14: =G14*H14 | O14: =L14*M14 | T14: =Q14*R14 | Y14: =V14*W14 | AA14: =IFERROR(((I14-D14)/D14)*100,"") | AB14: =IFERROR(((N14-D14)/D14)*100,"") | AC14: =IFERROR(((S14-D14)/D14)*100,"") | AD14: =IFERROR(((X14-D14)/D14)*100,"")
E15: =B15*C15 | J15: =G15*H15 | O15: =L15*M15 | T15: =Q15*R15 | Y15: =V15*W15 | AA15: =IFERROR(((I15-D15)/D15)*100,"") | AB15: =IFERROR(((N15-D15)/D15)*100,"") | AC15: =IFERROR(((S15-D15)/D15)*100,"") | AD15: =IFERROR(((X15-D15)/D15)*100,"")
E16: =B16*C16 | J16: =G16*H16 | O16: =L16*M16 | T16: =Q16*R16 | Y16: =V16*W16 | AA16: =IFERROR(((I16-D16)/D16)*100,"") | AB16: =IFERROR(((N16-D16)/D16)*100,"") | AC16: =IFERROR(((S16-D16)/D16)*100,"") | AD16: =IFERROR(((X16-D16)/D16)*100,"") | AN16: =AH16*AH15 | AO16: =AJ16*AJ15 | AP16: =AK16*AK15 | AQ16: =AL16*AL15
E17: PR | J17: PR | O17: PR | T17: PR | AC17: PR-M | AD17: =IFERROR(AVERAGE(G17,L17,Q17,V17),"")
E18: =SUM(E5:E16) | J18: =SUM(J5:J16) | O18: =SUM(O5:O16) | T18: =SUM(T5:T16) | Y18: =SUM(Y5:Y16)
L19: Son | M19: Estr | N19: Fad | O19: Dor | Q19: Média | T19: Teste de potência
A20: TERÇA-FEIRA | C20: DATA | Q20: =IFERROR(AVERAGE(L20:O20),"") | S20: =Q20
A21: Exercícios | B21: série 1 | G21: série 2 | L21: série 3 | Q21: série 4 | V21: série 5 | AA21: VEL (2x1) | AB21: VEL (3x1) | AC21: VEL (4x1) | AD21: VEL (5x1) | AG21: VTT-SESSÃO | AJ21: CARGA DE TREINO (U.A)
B22: nº reps | C22: peso(kg) | D22: veloc(s) | E22: VTT (sér) | G22: nº reps | H22: peso(kg) | I22: veloc(s) | J22: VTT (sér) | L22: nº reps | M22: peso(kg) | N22: veloc(s) | O22: VTT (sér) | Q22: nº reps | R22: peso(kg) | S22: veloc(s) | T22: VTT (sér) | V22: nº reps | W22: peso(kg) | X22: veloc(s) | Y22: VTT (sér) | AG22: =SUM(E36+J36+O36+T36+Y36) | AJ22: =AE23*AG25
E23: =B23*C23 | J23: =G23*H23 | O23: =L23*M23 | T23: =Q23*R23 | Y23: =V23*W23 | AA23: =IFERROR(((I23-D23)/D23)*100,"") | AB23: =IFERROR(((N23-D23)/D23)*100,"") | AC23: =IFERROR(((S23-D23)/D23)*100,"") | AD23: =IFERROR(((X23-D23)/D23)*100,"")
A24: Supino Inclinado Smith 30° | E24: =B24*C24 | J24: =G24*H24 | O24: =L24*M24 | T24: =Q24*R24 | Y24: =V24*W24 | AA24: =IFERROR(((I24-D24)/D24)*100,"") | AB24: =IFERROR(((N24-D24)/D24)*100,"") | AC24: =IFERROR(((S24-D24)/D24)*100,"") | AD24: =IFERROR(((X24-D24)/D24)*100,"") | AG24: Tempo total sessão (min)
A25: Fly Inclinado Banco 30° | E25: =B25*C25 | J25: =G25*H25 | O25: =L25*M25 | T25: =Q25*R25 | Y25: =V25*W25 | AA25: =IFERROR(((I25-D25)/D25)*100,"") | AB25: =IFERROR(((N25-D25)/D25)*100,"") | AC25: =IFERROR(((S25-D25)/D25)*100,"") | AD25: =IFERROR(((X25-D25)/D25)*100,"")
A26: Fly Reto | E26: =B26*C26 | J26: =G26*H26 | O26: =L26*M26 | T26: =Q26*R26 | Y26: =V26*W26 | AA26: =IFERROR(((I26-D26)/D26)*100,"") | AB26: =IFERROR(((N26-D26)/D26)*100,"") | AC26: =IFERROR(((S26-D26)/D26)*100,"") | AD26: =IFERROR(((X26-D26)/D26)*100,"")
A27: Cross-over | E27: =B27*C27 | J27: =G27*H27 | O27: =L27*M27 | T27: =Q27*R27 | Y27: =V27*W27 | AA27: =IFERROR(((I27-D27)/D27)*100,"") | AB27: =IFERROR(((N27-D27)/D27)*100,"") | AC27: =IFERROR(((S27-D27)/D27)*100,"") | AD27: =IFERROR(((X27-D27)/D27)*100,"")
A28: Crucifixo em Máquina | E28: =B28*C28 | J28: =G28*H28 | O28: =L28*M28 | T28: =Q28*R28 | Y28: =V28*W28 | AA28: =IFERROR(((I28-D28)/D28)*100,"") | AB28: =IFERROR(((N28-D28)/D28)*100,"") | AC28: =IFERROR(((S28-D28)/D28)*100,"") | AD28: =IFERROR(((X28-D28)/D28)*100,"")
A29: Elevação Frontal Corda | E29: =B29*C29 | J29: =G29*H29 | O29: =L29*M29 | T29: =Q29*R29 | Y29: =V29*W29 | AA29: =IFERROR(((I29-D29)/D29)*100,"") | AB29: =IFERROR(((N29-D29)/D29)*100,"") | AC29: =IFERROR(((S29-D29)/D29)*100,"") | AD29: =IFERROR(((X29-D29)/D29)*100,"")
A30: Flexão Quadril/Coluna Paralelas | E30: =B30*C30 | J30: =G30*H30 | O30: =L30*M30 | T30: =Q30*R30 | Y30: =V30*W30 | AA30: =IFERROR(((I30-D30)/D30)*100,"") | AB30: =IFERROR(((N30-D30)/D30)*100,"") | AC30: =IFERROR(((S30-D30)/D30)*100,"") | AD30: =IFERROR(((X30-D30)/D30)*100,"")
A31: Flexão de Coluna Máquina | E31: =B31*C31 | J31: =G31*H31 | O31: =L31*M31 | T31: =Q31*R31 | Y31: =V31*W31 | AA31: =IFERROR(((I31-D31)/D31)*100,"") | AB31: =IFERROR(((N31-D31)/D31)*100,"") | AC31: =IFERROR(((S31-D31)/D31)*100,"") | AD31: =IFERROR(((X31-D31)/D31)*100,"")
E32: =B32*C32 | J32: =G32*H32 | O32: =L32*M32 | T32: =Q32*R32 | Y32: =V32*W32 | AA32: =IFERROR(((I32-D32)/D32)*100,"") | AB32: =IFERROR(((N32-D32)/D32)*100,"") | AC32: =IFERROR(((S32-D32)/D32)*100,"") | AD32: =IFERROR(((X32-D32)/D32)*100,"")
E33: =B33*C33 | J33: =G33*H33 | O33: =L33*M33 | T33: =Q33*R33 | Y33: =V33*W33 | AA33: =IFERROR(((I33-D33)/D33)*100,"") | AB33: =IFERROR(((N33-D33)/D33)*100,"") | AC33: =IFERROR(((S33-D33)/D33)*100,"") | AD33: =IFERROR(((X33-D33)/D33)*100,"")
E34: =B34*C34 | J34: =G34*H34 | O34: =L34*M34 | T34: =Q34*R34 | Y34: =V34*W34 | AA34: =IFERROR(((I34-D34)/D34)*100,"") | AB34: =IFERROR(((N34-D34)/D34)*100,"") | AC34: =IFERROR(((S34-D34)/D34)*100,"") | AD34: =IFERROR(((X34-D34)/D34)*100,"") | AM34: =AG34*AG33 | AN34: =AH34*AH33 | AO34: =AJ34*AJ33 | AP34: =AK34*AK33 | AQ34: =AL34*AL33
E35: PR | J35: PR | O35: PR | T35: PR | AC35: PR-M | AD35: =IFERROR(AVERAGE(G35,L35,Q35,V35),"")
E36: =SUM(E23:E34) | J36: =SUM(J23:J34) | O36: =SUM(O23:O34) | T36: =SUM(T23:T34) | Y36: =SUM(Y23:Y34)
L37: Son | M37: Estr | N37: Fad | O37: Dor | Q37: Média | T37: Teste de potência
A38: QUARTA-FEIRA | C38: DATA | Q38: =IFERROR(AVERAGE(L38:O38),"") | S38: =Q38
A39: Exercícios | B39: série 1 | G39: série 2 | L39: série 3 | Q39: série 4 | V39: série 5 | AA39: VEL (2x1) | AB39: VEL (3x1) | AC39: VEL (4x1) | AD39: VEL (5x1) | AG39: VTT-SESSÃO | AJ39: CARGA DE TREINO (U.A)
B40: nº reps | C40: peso(kg) | D40: veloc(s) | E40: VTT (sér) | G40: nº reps | H40: peso(kg) | I40: veloc(s) | J40: VTT (sér) | L40: nº reps | M40: peso(kg) | N40: veloc(s) | O40: VTT (sér) | Q40: nº reps | R40: peso(kg) | S40: veloc(s) | T40: VTT (sér) | V40: nº reps | W40: peso(kg) | X40: veloc(s) | Y40: VTT (sér) | AG40: =SUM(E54+J54+O54+T54+Y54) | AJ40: =AE41*AG43
E41: =B41*C41 | J41: =G41*H41 | O41: =L41*M41 | T41: =Q41*R41 | Y41: =V41*W41 | AA41: =IFERROR(((I41-D41)/D41)*100,"") | AB41: =IFERROR(((N41-D41)/D41)*100,"") | AC41: =IFERROR(((S41-D41)/D41)*100,"") | AD41: =IFERROR(((X41-D41)/D41)*100,"")
A42: Barra Fixa Aberta (livre/gravitron) | E42: =B42*C42 | J42: =G42*H42 | O42: =L42*M42 | T42: =Q42*R42 | Y42: =V42*W42 | AA42: =IFERROR(((I42-D42)/D42)*100,"") | AB42: =IFERROR(((N42-D42)/D42)*100,"") | AC42: =IFERROR(((S42-D42)/D42)*100,"") | AD42: =IFERROR(((X42-D42)/D42)*100,"") | AG42: Tempo total sessão (min)
A43: Pulley Frente Aberto | E43: =B43*C43 | J43: =G43*H43 | O43: =L43*M43 | T43: =Q43*R43 | Y43: =V43*W43 | AA43: =IFERROR(((I43-D43)/D43)*100,"") | AB43: =IFERROR(((N43-D43)/D43)*100,"") | AC43: =IFERROR(((S43-D43)/D43)*100,"") | AD43: =IFERROR(((X43-D43)/D43)*100,"")
A44: Remada Cavalinho Fechada | E44: =B44*C44 | J44: =G44*H44 | O44: =L44*M44 | T44: =Q44*R44 | Y44: =V44*W44 | AA44: =IFERROR(((I44-D44)/D44)*100,"") | AB44: =IFERROR(((N44-D44)/D44)*100,"") | AC44: =IFERROR(((S44-D44)/D44)*100,"") | AD44: =IFERROR(((X44-D44)/D44)*100,"")
A45: Remada Máquina Pegada Neutra | E45: =B45*C45 | J45: =G45*H45 | O45: =L45*M45 | T45: =Q45*R45 | Y45: =V45*W45 | AA45: =IFERROR(((I45-D45)/D45)*100,"") | AB45: =IFERROR(((N45-D45)/D45)*100,"") | AC45: =IFERROR(((S45-D45)/D45)*100,"") | AD45: =IFERROR(((X45-D45)/D45)*100,"")
A46: Remada Curvada Aberta | E46: =B46*C46 | J46: =G46*H46 | O46: =L46*M46 | T46: =Q46*R46 | Y46: =V46*W46 | AA46: =IFERROR(((I46-D46)/D46)*100,"") | AB46: =IFERROR(((N46-D46)/D46)*100,"") | AC46: =IFERROR(((S46-D46)/D46)*100,"") | AD46: =IFERROR(((X46-D46)/D46)*100,"")
A47: Crucifixo Inverso Máquina | E47: =B47*C47 | J47: =G47*H47 | O47: =L47*M47 | T47: =Q47*R47 | Y47: =V47*W47 | AA47: =IFERROR(((I47-D47)/D47)*100,"") | AB47: =IFERROR(((N47-D47)/D47)*100,"") | AC47: =IFERROR(((S47-D47)/D47)*100,"") | AD47: =IFERROR(((X47-D47)/D47)*100,"")
A48: Extensão Coluna Banco Eretor | E48: =B48*C48 | J48: =G48*H48 | O48: =L48*M48 | T48: =Q48*R48 | Y48: =V48*W48 | AA48: =IFERROR(((I48-D48)/D48)*100,"") | AB48: =IFERROR(((N48-D48)/D48)*100,"") | AC48: =IFERROR(((S48-D48)/D48)*100,"") | AD48: =IFERROR(((X48-D48)/D48)*100,"")
E49: =B49*C49 | J49: =G49*H49 | O49: =L49*M49 | T49: =Q49*R49 | Y49: =V49*W49 | AA49: =IFERROR(((I49-D49)/D49)*100,"") | AB49: =IFERROR(((N49-D49)/D49)*100,"") | AC49: =IFERROR(((S49-D49)/D49)*100,"") | AD49: =IFERROR(((X49-D49)/D49)*100,"")
E50: =B50*C50 | J50: =G50*H50 | O50: =L50*M50 | T50: =Q50*R50 | Y50: =V50*W50 | AA50: =IFERROR(((I50-D50)/D50)*100,"") | AB50: =IFERROR(((N50-D50)/D50)*100,"") | AC50: =IFERROR(((S50-D50)/D50)*100,"") | AD50: =IFERROR(((X50-D50)/D50)*100,"")
E51: =B51*C51 | J51: =G51*H51 | O51: =L51*M51 | T51: =Q51*R51 | Y51: =V51*W51 | AA51: =IFERROR(((I51-D51)/D51)*100,"") | AB51: =IFERROR(((N51-D51)/D51)*100,"") | AC51: =IFERROR(((S51-D51)/D51)*100,"") | AD51: =IFERROR(((X51-D51)/D51)*100,"")
E52: =B52*C52 | J52: =G52*H52 | O52: =L52*M52 | T52: =Q52*R52 | Y52: =V52*W52 | AA52: =IFERROR(((I52-D52)/D52)*100,"") | AB52: =IFERROR(((N52-D52)/D52)*100,"") | AC52: =IFERROR(((S52-D52)/D52)*100,"") | AD52: =IFERROR(((X52-D52)/D52)*100,"") | AM52: =AG52*AG51 | AN52: =AH52*AH51 | AO52: =AJ52*AJ51 | AP52: =AK52*AK51 | AQ52: =AL52*AL51
E53: PR | J53: PR | O53: PR | T53: PR | AC53: PR-M | AD53: =IFERROR(AVERAGE(G53,L53,Q53,V53),"")
E54: =SUM(E41:E52) | J54: =SUM(J41:J52) | O54: =SUM(O41:O52) | T54: =SUM(T41:T52) | Y54: =SUM(Y41:Y52)
L55: Son | M55: Estr | N55: Fad | O55: Dor | Q55: Média | T55: Teste de potência
A56: QUINTA-FEIRA | C56: DATA | Q56: =IFERROR(AVERAGE(L56:O56),"") | S56: =Q56
A57: Exercícios | B57: série 1 | G57: série 2 | L57: série 3 | Q57: série 4 | V57: série 5 | AA57: VEL (2x1) | AB57: VEL (3x1) | AC57: VEL (4x1) | AD57: VEL (5x1) | AG57: VTT-SESSÃO | AJ57: CARGA DE TREINO (U.A)
B58: nº reps | C58: peso(kg) | D58: veloc(s) | E58: VTT (sér) | G58: nº reps | H58: peso(kg) | I58: veloc(s) | J58: VTT (sér) | L58: nº reps | M58: peso(kg) | N58: veloc(s) | O58: VTT (sér) | Q58: nº reps | R58: peso(kg) | S58: veloc(s) | T58: VTT (sér) | V58: nº reps | W58: peso(kg) | X58: veloc(s) | Y58: VTT (sér) | AG58: =SUM(E72+J72+O72+T72+Y72) | AJ58: =AE59*AG61
E59: =B59*C59 | J59: =G59*H59 | O59: =L59*M59 | T59: =Q59*R59 | Y59: =V59*W59 | AA59: =IFERROR(((I59-D59)/D59)*100,"") | AB59: =IFERROR(((N59-D59)/D59)*100,"") | AC59: =IFERROR(((S59-D59)/D59)*100,"") | AD59: =IFERROR(((X59-D59)/D59)*100,"")
A60: Cadeira Abdutora 90° | E60: =B60*C60 | J60: =G60*H60 | O60: =L60*M60 | T60: =Q60*R60 | Y60: =V60*W60 | AA60: =IFERROR(((I60-D60)/D60)*100,"") | AB60: =IFERROR(((N60-D60)/D60)*100,"") | AC60: =IFERROR(((S60-D60)/D60)*100,"") | AD60: =IFERROR(((X60-D60)/D60)*100,"") | AG60: Tempo total sessão (min)
A61: Elevação Pélvica Máquina | E61: =B61*C61 | J61: =G61*H61 | O61: =L61*M61 | T61: =Q61*R61 | Y61: =V61*W61 | AA61: =IFERROR(((I61-D61)/D61)*100,"") | AB61: =IFERROR(((N61-D61)/D61)*100,"") | AC61: =IFERROR(((S61-D61)/D61)*100,"") | AD61: =IFERROR(((X61-D61)/D61)*100,"")
A62: Levantamento Terra | E62: =B62*C62 | J62: =G62*H62 | O62: =L62*M62 | T62: =Q62*R62 | Y62: =V62*W62 | AA62: =IFERROR(((I62-D62)/D62)*100,"") | AB62: =IFERROR(((N62-D62)/D62)*100,"") | AC62: =IFERROR(((S62-D62)/D62)*100,"") | AD62: =IFERROR(((X62-D62)/D62)*100,"")
A63: Stiff c/ Barra | E63: =B63*C63 | J63: =G63*H63 | O63: =L63*M63 | T63: =Q63*R63 | Y63: =V63*W63 | AA63: =IFERROR(((I63-D63)/D63)*100,"") | AB63: =IFERROR(((N63-D63)/D63)*100,"") | AC63: =IFERROR(((S63-D63)/D63)*100,"") | AD63: =IFERROR(((X63-D63)/D63)*100,"")
A64: Mesa Flexora | E64: =B64*C64 | J64: =G64*H64 | O64: =L64*M64 | T64: =Q64*R64 | Y64: =V64*W64 | AA64: =IFERROR(((I64-D64)/D64)*100,"") | AB64: =IFERROR(((N64-D64)/D64)*100,"") | AC64: =IFERROR(((S64-D64)/D64)*100,"") | AD64: =IFERROR(((X64-D64)/D64)*100,"")
A65: Cadeira Flexora | E65: =B65*C65 | J65: =G65*H65 | O65: =L65*M65 | T65: =Q65*R65 | Y65: =V65*W65 | AA65: =IFERROR(((I65-D65)/D65)*100,"") | AB65: =IFERROR(((N65-D65)/D65)*100,"") | AC65: =IFERROR(((S65-D65)/D65)*100,"") | AD65: =IFERROR(((X65-D65)/D65)*100,"")
A66: Gêmeos Sentado | E66: =B66*C66 | J66: =G66*H66 | O66: =L66*M66 | T66: =Q66*R66 | Y66: =V66*W66 | AA66: =IFERROR(((I66-D66)/D66)*100,"") | AB66: =IFERROR(((N66-D66)/D66)*100,"") | AC66: =IFERROR(((S66-D66)/D66)*100,"") | AD66: =IFERROR(((X66-D66)/D66)*100,"")
A67: Gêmeos Máquina em Pé | E67: =B67*C67 | J67: =G67*H67 | O67: =L67*M67 | T67: =Q67*R67 | Y67: =V67*W67 | AA67: =IFERROR(((I67-D67)/D67)*100,"") | AB67: =IFERROR(((N67-D67)/D67)*100,"") | AC67: =IFERROR(((S67-D67)/D67)*100,"") | AD67: =IFERROR(((X67-D67)/D67)*100,"")
E68: =B68*C68 | J68: =G68*H68 | O68: =L68*M68 | T68: =Q68*R68 | Y68: =V68*W68 | AA68: =IFERROR(((I68-D68)/D68)*100,"") | AB68: =IFERROR(((N68-D68)/D68)*100,"") | AC68: =IFERROR(((S68-D68)/D68)*100,"") | AD68: =IFERROR(((X68-D68)/D68)*100,"")
E69: =B69*C69 | J69: =G69*H69 | O69: =L69*M69 | T69: =Q69*R69 | Y69: =V69*W69 | AA69: =IFERROR(((I69-D69)/D69)*100,"") | AB69: =IFERROR(((N69-D69)/D69)*100,"") | AC69: =IFERROR(((S69-D69)/D69)*100,"") | AD69: =IFERROR(((X69-D69)/D69)*100,"")
E70: =B70*C70 | J70: =G70*H70 | O70: =L70*M70 | T70: =Q70*R70 | Y70: =V70*W70 | AA70: =IFERROR(((I70-D70)/D70)*100,"") | AB70: =IFERROR(((N70-D70)/D70)*100,"") | AC70: =IFERROR(((S70-D70)/D70)*100,"") | AD70: =IFERROR(((X70-D70)/D70)*100,"") | AM70: =AG70*AG69 | AN70: =AH70*AH69 | AO70: =AJ70*AJ69 | AP70: =AK70*AK69 | AQ70: =AL70*AL69
E71: PR | J71: PR | O71: PR | T71: PR | AC71: PR-M | AD71: =IFERROR(AVERAGE(G71,L71,Q71,V71),"")
E72: =SUM(E59:E70) | J72: =SUM(J59:J70) | O72: =SUM(O59:O70) | T72: =SUM(T59:T70) | Y72: =SUM(Y59:Y70)
L73: Son | M73: Estr | N73: Fad | O73: Dor | Q73: Média | T73: Teste de potência
A74: SEXTA-FEIRA | C74: DATA | Q74: =IFERROR(AVERAGE(L74:O74),"") | S74: =Q74
A75: Exercícios | B75: série 1 | G75: série 2 | L75: série 3 | Q75: série 4 | V75: série 5 | AA75: VEL (2x1) | AB75: VEL (3x1) | AC75: VEL (4x1) | AD75: VEL (5x1) | AG75: VTT-SESSÃO | AJ75: CARGA DE TREINO (U.A)
B76: nº reps | C76: peso(kg) | D76: veloc(s) | E76: VTT (sér) | G76: nº reps | H76: peso(kg) | I76: veloc(s) | J76: VTT (sér) | L76: nº reps | M76: peso(kg) | N76: veloc(s) | O76: VTT (sér) | Q76: nº reps | R76: peso(kg) | S76: veloc(s) | T76: VTT (sér) | V76: nº reps | W76: peso(kg) | X76: veloc(s) | Y76: VTT (sér) | AG76: =SUM(E90+J90+O90+T90+Y90) | AJ76: =AE77*AG79
E77: =B77*C77 | J77: =G77*H77 | O77: =L77*M77 | T77: =Q77*R77 | Y77: =V77*W77 | AA77: =IFERROR(((I77-D77)/D77)*100,"") | AB77: =IFERROR(((N77-D77)/D77)*100,"") | AC77: =IFERROR(((S77-D77)/D77)*100,"") | AD77: =IFERROR(((X77-D77)/D77)*100,"")
A78: Desenvolvimento Livre | E78: =B78*C78 | J78: =G78*H78 | O78: =L78*M78 | T78: =Q78*R78 | Y78: =V78*W78 | AA78: =IFERROR(((I78-D78)/D78)*100,"") | AB78: =IFERROR(((N78-D78)/D78)*100,"") | AC78: =IFERROR(((S78-D78)/D78)*100,"") | AD78: =IFERROR(((X78-D78)/D78)*100,"") | AG78: Tempo total sessão (min)
A79: Remada Alta Aberta até 90° | E79: =B79*C79 | J79: =G79*H79 | O79: =L79*M79 | T79: =Q79*R79 | Y79: =V79*W79 | AA79: =IFERROR(((I79-D79)/D79)*100,"") | AB79: =IFERROR(((N79-D79)/D79)*100,"") | AC79: =IFERROR(((S79-D79)/D79)*100,"") | AD79: =IFERROR(((X79-D79)/D79)*100,"")
A80: Elevação Lateral Unilateral Banco 45° | E80: =B80*C80 | J80: =G80*H80 | O80: =L80*M80 | T80: =Q80*R80 | Y80: =V80*W80 | AA80: =IFERROR(((I80-D80)/D80)*100,"") | AB80: =IFERROR(((N80-D80)/D80)*100,"") | AC80: =IFERROR(((S80-D80)/D80)*100,"") | AD80: =IFERROR(((X80-D80)/D80)*100,"")
A81: Elevação Lateral Unilateral Polia | E81: =B81*C81 | J81: =G81*H81 | O81: =L81*M81 | T81: =Q81*R81 | Y81: =V81*W81 | AA81: =IFERROR(((I81-D81)/D81)*100,"") | AB81: =IFERROR(((N81-D81)/D81)*100,"") | AC81: =IFERROR(((S81-D81)/D81)*100,"") | AD81: =IFERROR(((X81-D81)/D81)*100,"")
A82: Elevação Lateral em Pé | E82: =B82*C82 | J82: =G82*H82 | O82: =L82*M82 | T82: =Q82*R82 | Y82: =V82*W82 | AA82: =IFERROR(((I82-D82)/D82)*100,"") | AB82: =IFERROR(((N82-D82)/D82)*100,"") | AC82: =IFERROR(((S82-D82)/D82)*100,"") | AD82: =IFERROR(((X82-D82)/D82)*100,"")
A83: Encolhimento Smith | E83: =B83*C83 | J83: =G83*H83 | O83: =L83*M83 | T83: =Q83*R83 | Y83: =V83*W83 | AA83: =IFERROR(((I83-D83)/D83)*100,"") | AB83: =IFERROR(((N83-D83)/D83)*100,"") | AC83: =IFERROR(((S83-D83)/D83)*100,"") | AD83: =IFERROR(((X83-D83)/D83)*100,"")
A84: Flexão Quadril/Coluna Paralelas | E84: =B84*C84 | J84: =G84*H84 | O84: =L84*M84 | T84: =Q84*R84 | Y84: =V84*W84 | AA84: =IFERROR(((I84-D84)/D84)*100,"") | AB84: =IFERROR(((N84-D84)/D84)*100,"") | AC84: =IFERROR(((S84-D84)/D84)*100,"") | AD84: =IFERROR(((X84-D84)/D84)*100,"")
A85: Flexão de Coluna Máquina | E85: =B85*C85 | J85: =G85*H85 | O85: =L85*M85 | T85: =Q85*R85 | Y85: =V85*W85 | AA85: =IFERROR(((I85-D85)/D85)*100,"") | AB85: =IFERROR(((N85-D85)/D85)*100,"") | AC85: =IFERROR(((S85-D85)/D85)*100,"") | AD85: =IFERROR(((X85-D85)/D85)*100,"")
E86: =B86*C86 | J86: =G86*H86 | O86: =L86*M86 | T86: =Q86*R86 | Y86: =V86*W86 | AA86: =IFERROR(((I86-D86)/D86)*100,"") | AB86: =IFERROR(((N86-D86)/D86)*100,"") | AC86: =IFERROR(((S86-D86)/D86)*100,"") | AD86: =IFERROR(((X86-D86)/D86)*100,"")
E87: =B87*C87 | J87: =G87*H87 | O87: =L87*M87 | T87: =Q87*R87 | Y87: =V87*W87 | AA87: =IFERROR(((I87-D87)/D87)*100,"") | AB87: =IFERROR(((N87-D87)/D87)*100,"") | AC87: =IFERROR(((S87-D87)/D87)*100,"") | AD87: =IFERROR(((X87-D87)/D87)*100,"")
E88: =B88*C88 | J88: =G88*H88 | O88: =L88*M88 | T88: =Q88*R88 | Y88: =V88*W88 | AA88: =IFERROR(((I88-D88)/D88)*100,"") | AB88: =IFERROR(((N88-D88)/D88)*100,"") | AC88: =IFERROR(((S88-D88)/D88)*100,"") | AD88: =IFERROR(((X88-D88)/D88)*100,"") | AM88: =AG88*AG87 | AN88: =AH88*AH87 | AO88: =AJ88*AJ87 | AP88: =AK88*AK87 | AQ88: =AL88*AL87
E89: PR | J89: PR | O89: PR | T89: PR | AC89: PR-M | AD89: =IFERROR(AVERAGE(G89,L89,Q89,V89),"")
E90: =SUM(E77:E88) | J90: =SUM(J77:J88) | O90: =SUM(O77:O88) | T90: =SUM(T77:T88) | Y90: =SUM(Y77:Y88)
L91: Son | M91: Estr | N91: Fad | O91: Dor | Q91: Média | T91: Teste de potência
A92: SÁBADO | C92: DATA | Q92: =IFERROR(AVERAGE(L92:O92),"") | S92: =Q92
A93: Exercícios | B93: série 1 | G93: série 2 | L93: série 3 | Q93: série 4 | V93: série 5 | AA93: VEL (2x1) | AB93: VEL (3x1) | AC93: VEL (4x1) | AD93: VEL (5x1) | AG93: VTT-SESSÃO | AJ93: CARGA DE TREINO (U.A)
B94: nº reps | C94: peso(kg) | D94: veloc(s) | E94: VTT (sér) | G94: nº reps | H94: peso(kg) | I94: veloc(s) | J94: VTT (sér) | L94: nº reps | M94: peso(kg) | N94: veloc(s) | O94: VTT (sér) | Q94: nº reps | R94: peso(kg) | S94: veloc(s) | T94: VTT (sér) | V94: nº reps | W94: peso(kg) | X94: veloc(s) | Y94: VTT (sér) | AG94: =SUM(E108+J108+O108+T108+Y108) | AJ94: =AE95*AG97
E95: =B95*C95 | J95: =G95*H95 | O95: =L95*M95 | T95: =Q95*R95 | Y95: =V95*W95 | AA95: =IFERROR(((I95-D95)/D95)*100,"") | AB95: =IFERROR(((N95-D95)/D95)*100,"") | AC95: =IFERROR(((S95-D95)/D95)*100,"") | AD95: =IFERROR(((X95-D95)/D95)*100,"")
A96: Rosca Direta Barra W | E96: =B96*C96 | J96: =G96*H96 | O96: =L96*M96 | T96: =Q96*R96 | Y96: =V96*W96 | AA96: =IFERROR(((I96-D96)/D96)*100,"") | AB96: =IFERROR(((N96-D96)/D96)*100,"") | AC96: =IFERROR(((S96-D96)/D96)*100,"") | AD96: =IFERROR(((X96-D96)/D96)*100,"") | AG96: Tempo total sessão (min)
A97: Rosca Sentado Máquina | E97: =B97*C97 | J97: =G97*H97 | O97: =L97*M97 | T97: =Q97*R97 | Y97: =V97*W97 | AA97: =IFERROR(((I97-D97)/D97)*100,"") | AB97: =IFERROR(((N97-D97)/D97)*100,"") | AC97: =IFERROR(((S97-D97)/D97)*100,"") | AD97: =IFERROR(((X97-D97)/D97)*100,"")
A98: Rosca Simultâneo 45° + Apoio Tórax 30° | E98: =B98*C98 | J98: =G98*H98 | O98: =L98*M98 | T98: =Q98*R98 | Y98: =V98*W98 | AA98: =IFERROR(((I98-D98)/D98)*100,"") | AB98: =IFERROR(((N98-D98)/D98)*100,"") | AC98: =IFERROR(((S98-D98)/D98)*100,"") | AD98: =IFERROR(((X98-D98)/D98)*100,"")
A99: Coice Unilateral | E99: =B99*C99 | J99: =G99*H99 | O99: =L99*M99 | T99: =Q99*R99 | Y99: =V99*W99 | AA99: =IFERROR(((I99-D99)/D99)*100,"") | AB99: =IFERROR(((N99-D99)/D99)*100,"") | AC99: =IFERROR(((S99-D99)/D99)*100,"") | AD99: =IFERROR(((X99-D99)/D99)*100,"")
A100: Tríceps Pulley Pronado | E100: =B100*C100 | J100: =G100*H100 | O100: =L100*M100 | T100: =Q100*R100 | Y100: =V100*W100 | AA100: =IFERROR(((I100-D100)/D100)*100,"") | AB100: =IFERROR(((N100-D100)/D100)*100,"") | AC100: =IFERROR(((S100-D100)/D100)*100,"") | AD100: =IFERROR(((X100-D100)/D100)*100,"")
...

Sheet SEM 9
A1: SEMANA 9 | L1: Son | M1: Estr | N1: Fad | O1: Dor | Q1: Média | T1: Teste de potência
A2: SEGUNDA-FEIRA | C2: DATA | Q2: =IFERROR(AVERAGE(L2:O2),"") | S2: =Q2
A3: Exercícios | B3: série 1 | G3: série 2 | L3: série 3 | Q3: série 4 | V3: série 5 | AA3: VEL (2x1) | AB3: VEL (3x1) | AC3: VEL (4x1) | AD3: VEL (5x1) | AG3: VTT-SESSÃO | AJ3: CARGA DE TREINO (U.A)
B4: nº reps | C4: peso(kg) | D4: veloc(s) | E4: VTT (sér) | G4: nº reps | H4: peso(kg) | I4: veloc(s) | J4: VTT (sér) | L4: nº reps | M4: peso(kg) | N4: veloc(s) | O4: VTT (sér) | Q4: nº reps | R4: peso(kg) | S4: veloc(s) | T4: VTT (sér) | V4: nº reps | W4: peso(kg) | X4: veloc(s) | Y4: VTT (sér) | AG4: =SUM(E18+J18+O18+T18+Y18) | AJ4: =AE5*AG7
E5: =B5*C5 | J5: =G5*H5 | O5: =L5*M5 | T5: =Q5*R5 | Y5: =V5*W5 | AA5: =IFERROR(((I5-D5)/D5)*100,"") | AB5: =IFERROR(((N5-D5)/D5)*100,"") | AC5: =IFERROR(((S5-D5)/D5)*100,"") | AD5: =IFERROR(((X5-D5)/D5)*100,"")
A6: Cadeira Abdutora 90° | E6: =B6*C6 | J6: =G6*H6 | O6: =L6*M6 | T6: =Q6*R6 | Y6: =V6*W6 | AA6: =IFERROR(((I6-D6)/D6)*100,"") | AB6: =IFERROR(((N6-D6)/D6)*100,"") | AC6: =IFERROR(((S6-D6)/D6)*100,"") | AD6: =IFERROR(((X6-D6)/D6)*100,"") | AG6: Tempo total sessão (min)
A7: Elevação Pélvica (livre/máq) | E7: =B7*C7 | J7: =G7*H7 | O7: =L7*M7 | T7: =Q7*R7 | Y7: =V7*W7 | AA7: =IFERROR(((I7-D7)/D7)*100,"") | AB7: =IFERROR(((N7-D7)/D7)*100,"") | AC7: =IFERROR(((S7-D7)/D7)*100,"") | AD7: =IFERROR(((X7-D7)/D7)*100,"")
A8: Afundo no Smith | E8: =B8*C8 | J8: =G8*H8 | O8: =L8*M8 | T8: =Q8*R8 | Y8: =V8*W8 | AA8: =IFERROR(((I8-D8)/D8)*100,"") | AB8: =IFERROR(((N8-D8)/D8)*100,"") | AC8: =IFERROR(((S8-D8)/D8)*100,"") | AD8: =IFERROR(((X8-D8)/D8)*100,"")
A9: Agachamento Livre | E9: =B9*C9 | J9: =G9*H9 | O9: =L9*M9 | T9: =Q9*R9 | Y9: =V9*W9 | AA9: =IFERROR(((I9-D9)/D9)*100,"") | AB9: =IFERROR(((N9-D9)/D9)*100,"") | AC9: =IFERROR(((S9-D9)/D9)*100,"") | AD9: =IFERROR(((X9-D9)/D9)*100,"")
A10: Leg Press 45° | E10: =B10*C10 | J10: =G10*H10 | O10: =L10*M10 | T10: =Q10*R10 | Y10: =V10*W10 | AA10: =IFERROR(((I10-D10)/D10)*100,"") | AB10: =IFERROR(((N10-D10)/D10)*100,"") | AC10: =IFERROR(((S10-D10)/D10)*100,"") | AD10: =IFERROR(((X10-D10)/D10)*100,"")
A11: Cadeira Extensora | E11: =B11*C11 | J11: =G11*H11 | O11: =L11*M11 | T11: =Q11*R11 | Y11: =V11*W11 | AA11: =IFERROR(((I11-D11)/D11)*100,"") | AB11: =IFERROR(((N11-D11)/D11)*100,"") | AC11: =IFERROR(((S11-D11)/D11)*100,"") | AD11: =IFERROR(((X11-D11)/D11)*100,"")
A12: Gêmeos Sentado | E12: =B12*C12 | J12: =G12*H12 | O12: =L12*M12 | T12: =Q12*R12 | Y12: =V12*W12 | AA12: =IFERROR(((I12-D12)/D12)*100,"") | AB12: =IFERROR(((N12-D12)/D12)*100,"") | AC12: =IFERROR(((S12-D12)/D12)*100,"") | AD12: =IFERROR(((X12-D12)/D12)*100,"")
A13: Gêmeos Máquina em Pé | E13: =B13*C13 | J13: =G13*H13 | O13: =L13*M13 | T13: =Q13*R13 | Y13: =V13*W13 | AA13: =IFERROR(((I13-D13)/D13)*100,"") | AB13: =IFERROR(((N13-D13)/D13)*100,"") | AC13: =IFERROR(((S13-D13)/D13)*100,"") | AD13: =IFERROR(((X13-D13)/D13)*100,"")
E14: =B14*C14 | J14: =G14*H14 | O14: =L14*M14 | T14: =Q14*R14 | Y14: =V14*W14 | AA14: =IFERROR(((I14-D14)/D14)*100,"") | AB14: =IFERROR(((N14-D14)/D14)*100,"") | AC14: =IFERROR(((S14-D14)/D14)*100,"") | AD14: =IFERROR(((X14-D14)/D14)*100,"")
E15: =B15*C15 | J15: =G15*H15 | O15: =L15*M15 | T15: =Q15*R15 | Y15: =V15*W15 | AA15: =IFERROR(((I15-D15)/D15)*100,"") | AB15: =IFERROR(((N15-D15)/D15)*100,"") | AC15: =IFERROR(((S15-D15)/D15)*100,"") | AD15: =IFERROR(((X15-D15)/D15)*100,"")
E16: =B16*C16 | J16: =G16*H16 | O16: =L16*M16 | T16: =Q16*R16 | Y16: =V16*W16 | AA16: =IFERROR(((I16-D16)/D16)*100,"") | AB16: =IFERROR(((N16-D16)/D16)*100,"") | AC16: =IFERROR(((S16-D16)/D16)*100,"") | AD16: =IFERROR(((X16-D16)/D16)*100,"") | AN16: =AH16*AH15 | AO16: =AJ16*AJ15 | AP16: =AK16*AK15 | AQ16: =AL16*AL15
E17: PR | J17: PR | O17: PR | T17: PR | AC17: PR-M | AD17: =IFERROR(AVERAGE(G17,L17,Q17,V17),"")
E18: =SUM(E5:E16) | J18: =SUM(J5:J16) | O18: =SUM(O5:O16) | T18: =SUM(T5:T16) | Y18: =SUM(Y5:Y16)
L19: Son | M19: Estr | N19: Fad | O19: Dor | Q19: Média | T19: Teste de potência
A20: TERÇA-FEIRA | C20: DATA | Q20: =IFERROR(AVERAGE(L20:O20),"") | S20: =Q20
A21: Exercícios | B21: série 1 | G21: série 2 | L21: série 3 | Q21: série 4 | V21: série 5 | AA21: VEL (2x1) | AB21: VEL (3x1) | AC21: VEL (4x1) | AD21: VEL (5x1) | AG21: VTT-SESSÃO | AJ21: CARGA DE TREINO (U.A)
B22: nº reps | C22: peso(kg) | D22: veloc(s) | E22: VTT (sér) | G22: nº reps | H22: peso(kg) | I22: veloc(s) | J22: VTT (sér) | L22: nº reps | M22: peso(kg) | N22: veloc(s) | O22: VTT (sér) | Q22: nº reps | R22: peso(kg) | S22: veloc(s) | T22: VTT (sér) | V22: nº reps | W22: peso(kg) | X22: veloc(s) | Y22: VTT (sér) | AG22: =SUM(E36+J36+O36+T36+Y36) | AJ22: =AE23*AG25
E23: =B23*C23 | J23: =G23*H23 | O23: =L23*M23 | T23: =Q23*R23 | Y23: =V23*W23 | AA23: =IFERROR(((I23-D23)/D23)*100,"") | AB23: =IFERROR(((N23-D23)/D23)*100,"") | AC23: =IFERROR(((S23-D23)/D23)*100,"") | AD23: =IFERROR(((X23-D23)/D23)*100,"")
A24: Supino Inclinado Smith 30° | E24: =B24*C24 | J24: =G24*H24 | O24: =L24*M24 | T24: =Q24*R24 | Y24: =V24*W24 | AA24: =IFERROR(((I24-D24)/D24)*100,"") | AB24: =IFERROR(((N24-D24)/D24)*100,"") | AC24: =IFERROR(((S24-D24)/D24)*100,"") | AD24: =IFERROR(((X24-D24)/D24)*100,"") | AG24: Tempo total sessão (min)
A25: Fly Inclinado Banco 30° | E25: =B25*C25 | J25: =G25*H25 | O25: =L25*M25 | T25: =Q25*R25 | Y25: =V25*W25 | AA25: =IFERROR(((I25-D25)/D25)*100,"") | AB25: =IFERROR(((N25-D25)/D25)*100,"") | AC25: =IFERROR(((S25-D25)/D25)*100,"") | AD25: =IFERROR(((X25-D25)/D25)*100,"")
A26: Fly Reto | E26: =B26*C26 | J26: =G26*H26 | O26: =L26*M26 | T26: =Q26*R26 | Y26: =V26*W26 | AA26: =IFERROR(((I26-D26)/D26)*100,"") | AB26: =IFERROR(((N26-D26)/D26)*100,"") | AC26: =IFERROR(((S26-D26)/D26)*100,"") | AD26: =IFERROR(((X26-D26)/D26)*100,"")
A27: Cross-over | E27: =B27*C27 | J27: =G27*H27 | O27: =L27*M27 | T27: =Q27*R27 | Y27: =V27*W27 | AA27: =IFERROR(((I27-D27)/D27)*100,"") | AB27: =IFERROR(((N27-D27)/D27)*100,"") | AC27: =IFERROR(((S27-D27)/D27)*100,"") | AD27: =IFERROR(((X27-D27)/D27)*100,"")
A28: Crucifixo em Máquina | E28: =B28*C28 | J28: =G28*H28 | O28: =L28*M28 | T28: =Q28*R28 | Y28: =V28*W28 | AA28: =IFERROR(((I28-D28)/D28)*100,"") | AB28: =IFERROR(((N28-D28)/D28)*100,"") | AC28: =IFERROR(((S28-D28)/D28)*100,"") | AD28: =IFERROR(((X28-D28)/D28)*100,"")
A29: Elevação Frontal Corda | E29: =B29*C29 | J29: =G29*H29 | O29: =L29*M29 | T29: =Q29*R29 | Y29: =V29*W29 | AA29: =IFERROR(((I29-D29)/D29)*100,"") | AB29: =IFERROR(((N29-D29)/D29)*100,"") | AC29: =IFERROR(((S29-D29)/D29)*100,"") | AD29: =IFERROR(((X29-D29)/D29)*100,"")
A30: Flexão Quadril/Coluna Paralelas | E30: =B30*C30 | J30: =G30*H30 | O30: =L30*M30 | T30: =Q30*R30 | Y30: =V30*W30 | AA30: =IFERROR(((I30-D30)/D30)*100,"") | AB30: =IFERROR(((N30-D30)/D30)*100,"") | AC30: =IFERROR(((S30-D30)/D30)*100,"") | AD30: =IFERROR(((X30-D30)/D30)*100,"")
A31: Flexão de Coluna Máquina | E31: =B31*C31 | J31: =G31*H31 | O31: =L31*M31 | T31: =Q31*R31 | Y31: =V31*W31 | AA31: =IFERROR(((I31-D31)/D31)*100,"") | AB31: =IFERROR(((N31-D31)/D31)*100,"") | AC31: =IFERROR(((S31-D31)/D31)*100,"") | AD31: =IFERROR(((X31-D31)/D31)*100,"")
E32: =B32*C32 | J32: =G32*H32 | O32: =L32*M32 | T32: =Q32*R32 | Y32: =V32*W32 | AA32: =IFERROR(((I32-D32)/D32)*100,"") | AB32: =IFERROR(((N32-D32)/D32)*100,"") | AC32: =IFERROR(((S32-D32)/D32)*100,"") | AD32: =IFERROR(((X32-D32)/D32)*100,"")
E33: =B33*C33 | J33: =G33*H33 | O33: =L33*M33 | T33: =Q33*R33 | Y33: =V33*W33 | AA33: =IFERROR(((I33-D33)/D33)*100,"") | AB33: =IFERROR(((N33-D33)/D33)*100,"") | AC33: =IFERROR(((S33-D33)/D33)*100,"") | AD33: =IFERROR(((X33-D33)/D33)*100,"")
E34: =B34*C34 | J34: =G34*H34 | O34: =L34*M34 | T34: =Q34*R34 | Y34: =V34*W34 | AA34: =IFERROR(((I34-D34)/D34)*100,"") | AB34: =IFERROR(((N34-D34)/D34)*100,"") | AC34: =IFERROR(((S34-D34)/D34)*100,"") | AD34: =IFERROR(((X34-D34)/D34)*100,"") | AM34: =AG34*AG33 | AN34: =AH34*AH33 | AO34: =AJ34*AJ33 | AP34: =AK34*AK33 | AQ34: =AL34*AL33
E35: PR | J35: PR | O35: PR | T35: PR | AC35: PR-M | AD35: =IFERROR(AVERAGE(G35,L35,Q35,V35),"")
E36: =SUM(E23:E34) | J36: =SUM(J23:J34) | O36: =SUM(O23:O34) | T36: =SUM(T23:T34) | Y36: =SUM(Y23:Y34)
L37: Son | M37: Estr | N37: Fad | O37: Dor | Q37: Média | T37: Teste de potência
A38: QUARTA-FEIRA | C38: DATA | Q38: =IFERROR(AVERAGE(L38:O38),"") | S38: =Q38
A39: Exercícios | B39: série 1 | G39: série 2 | L39: série 3 | Q39: série 4 | V39: série 5 | AA39: VEL (2x1) | AB39: VEL (3x1) | AC39: VEL (4x1) | AD39: VEL (5x1) | AG39: VTT-SESSÃO | AJ39: CARGA DE TREINO (U.A)
B40: nº reps | C40: peso(kg) | D40: veloc(s) | E40: VTT (sér) | G40: nº reps | H40: peso(kg) | I40: veloc(s) | J40: VTT (sér) | L40: nº reps | M40: peso(kg) | N40: veloc(s) | O40: VTT (sér) | Q40: nº reps | R40: peso(kg) | S40: veloc(s) | T40: VTT (sér) | V40: nº reps | W40: peso(kg) | X40: veloc(s) | Y40: VTT (sér) | AG40: =SUM(E54+J54+O54+T54+Y54) | AJ40: =AE41*AG43
E41: =B41*C41 | J41: =G41*H41 | O41: =L41*M41 | T41: =Q41*R41 | Y41: =V41*W41 | AA41: =IFERROR(((I41-D41)/D41)*100,"") | AB41: =IFERROR(((N41-D41)/D41)*100,"") | AC41: =IFERROR(((S41-D41)/D41)*100,"") | AD41: =IFERROR(((X41-D41)/D41)*100,"")
A42: Barra Fixa Aberta (livre/gravitron) | E42: =B42*C42 | J42: =G42*H42 | O42: =L42*M42 | T42: =Q42*R42 | Y42: =V42*W42 | AA42: =IFERROR(((I42-D42)/D42)*100,"") | AB42: =IFERROR(((N42-D42)/D42)*100,"") | AC42: =IFERROR(((S42-D42)/D42)*100,"") | AD42: =IFERROR(((X42-D42)/D42)*100,"") | AG42: Tempo total sessão (min)
A43: Pulley Frente Aberto | E43: =B43*C43 | J43: =G43*H43 | O43: =L43*M43 | T43: =Q43*R43 | Y43: =V43*W43 | AA43: =IFERROR(((I43-D43)/D43)*100,"") | AB43: =IFERROR(((N43-D43)/D43)*100,"") | AC43: =IFERROR(((S43-D43)/D43)*100,"") | AD43: =IFERROR(((X43-D43)/D43)*100,"")
A44: Remada Cavalinho Fechada | E44: =B44*C44 | J44: =G44*H44 | O44: =L44*M44 | T44: =Q44*R44 | Y44: =V44*W44 | AA44: =IFERROR(((I44-D44)/D44)*100,"") | AB44: =IFERROR(((N44-D44)/D44)*100,"") | AC44: =IFERROR(((S44-D44)/D44)*100,"") | AD44: =IFERROR(((X44-D44)/D44)*100,"")
A45: Remada Máquina Pegada Neutra | E45: =B45*C45 | J45: =G45*H45 | O45: =L45*M45 | T45: =Q45*R45 | Y45: =V45*W45 | AA45: =IFERROR(((I45-D45)/D45)*100,"") | AB45: =IFERROR(((N45-D45)/D45)*100,"") | AC45: =IFERROR(((S45-D45)/D45)*100,"") | AD45: =IFERROR(((X45-D45)/D45)*100,"")
A46: Remada Curvada Aberta | E46: =B46*C46 | J46: =G46*H46 | O46: =L46*M46 | T46: =Q46*R46 | Y46: =V46*W46 | AA46: =IFERROR(((I46-D46)/D46)*100,"") | AB46: =IFERROR(((N46-D46)/D46)*100,"") | AC46: =IFERROR(((S46-D46)/D46)*100,"") | AD46: =IFERROR(((X46-D46)/D46)*100,"")
A47: Crucifixo Inverso Máquina | E47: =B47*C47 | J47: =G47*H47 | O47: =L47*M47 | T47: =Q47*R47 | Y47: =V47*W47 | AA47: =IFERROR(((I47-D47)/D47)*100,"") | AB47: =IFERROR(((N47-D47)/D47)*100,"") | AC47: =IFERROR(((S47-D47)/D47)*100,"") | AD47: =IFERROR(((X47-D47)/D47)*100,"")
A48: Extensão Coluna Banco Eretor | E48: =B48*C48 | J48: =G48*H48 | O48: =L48*M48 | T48: =Q48*R48 | Y48: =V48*W48 | AA48: =IFERROR(((I48-D48)/D48)*100,"") | AB48: =IFERROR(((N48-D48)/D48)*100,"") | AC48: =IFERROR(((S48-D48)/D48)*100,"") | AD48: =IFERROR(((X48-D48)/D48)*100,"")
E49: =B49*C49 | J49: =G49*H49 | O49: =L49*M49 | T49: =Q49*R49 | Y49: =V49*W49 | AA49: =IFERROR(((I49-D49)/D49)*100,"") | AB49: =IFERROR(((N49-D49)/D49)*100,"") | AC49: =IFERROR(((S49-D49)/D49)*100,"") | AD49: =IFERROR(((X49-D49)/D49)*100,"")
E50: =B50*C50 | J50: =G50*H50 | O50: =L50*M50 | T50: =Q50*R50 | Y50: =V50*W50 | AA50: =IFERROR(((I50-D50)/D50)*100,"") | AB50: =IFERROR(((N50-D50)/D50)*100,"") | AC50: =IFERROR(((S50-D50)/D50)*100,"") | AD50: =IFERROR(((X50-D50)/D50)*100,"")
E51: =B51*C51 | J51: =G51*H51 | O51: =L51*M51 | T51: =Q51*R51 | Y51: =V51*W51 | AA51: =IFERROR(((I51-D51)/D51)*100,"") | AB51: =IFERROR(((N51-D51)/D51)*100,"") | AC51: =IFERROR(((S51-D51)/D51)*100,"") | AD51: =IFERROR(((X51-D51)/D51)*100,"")
E52: =B52*C52 | J52: =G52*H52 | O52: =L52*M52 | T52: =Q52*R52 | Y52: =V52*W52 | AA52: =IFERROR(((I52-D52)/D52)*100,"") | AB52: =IFERROR(((N52-D52)/D52)*100,"") | AC52: =IFERROR(((S52-D52)/D52)*100,"") | AD52: =IFERROR(((X52-D52)/D52)*100,"") | AM52: =AG52*AG51 | AN52: =AH52*AH51 | AO52: =AJ52*AJ51 | AP52: =AK52*AK51 | AQ52: =AL52*AL51
E53: PR | J53: PR | O53: PR | T53: PR | AC53: PR-M | AD53: =IFERROR(AVERAGE(G53,L53,Q53,V53),"")
E54: =SUM(E41:E52) | J54: =SUM(J41:J52) | O54: =SUM(O41:O52) | T54: =SUM(T41:T52) | Y54: =SUM(Y41:Y52)
L55: Son | M55: Estr | N55: Fad | O55: Dor | Q55: Média | T55: Teste de potência
A56: QUINTA-FEIRA | C56: DATA | Q56: =IFERROR(AVERAGE(L56:O56),"") | S56: =Q56
A57: Exercícios | B57: série 1 | G57: série 2 | L57: série 3 | Q57: série 4 | V57: série 5 | AA57: VEL (2x1) | AB57: VEL (3x1) | AC57: VEL (4x1) | AD57: VEL (5x1) | AG57: VTT-SESSÃO | AJ57: CARGA DE TREINO (U.A)
B58: nº reps | C58: peso(kg) | D58: veloc(s) | E58: VTT (sér) | G58: nº reps | H58: peso(kg) | I58: veloc(s) | J58: VTT (sér) | L58: nº reps | M58: peso(kg) | N58: veloc(s) | O58: VTT (sér) | Q58: nº reps | R58: peso(kg) | S58: veloc(s) | T58: VTT (sér) | V58: nº reps | W58: peso(kg) | X58: veloc(s) | Y58: VTT (sér) | AG58: =SUM(E72+J72+O72+T72+Y72) | AJ58: =AE59*AG61
E59: =B59*C59 | J59: =G59*H59 | O59: =L59*M59 | T59: =Q59*R59 | Y59: =V59*W59 | AA59: =IFERROR(((I59-D59)/D59)*100,"") | AB59: =IFERROR(((N59-D59)/D59)*100,"") | AC59: =IFERROR(((S59-D59)/D59)*100,"") | AD59: =IFERROR(((X59-D59)/D59)*100,"")
A60: Cadeira Abdutora 90° | E60: =B60*C60 | J60: =G60*H60 | O60: =L60*M60 | T60: =Q60*R60 | Y60: =V60*W60 | AA60: =IFERROR(((I60-D60)/D60)*100,"") | AB60: =IFERROR(((N60-D60)/D60)*100,"") | AC60: =IFERROR(((S60-D60)/D60)*100,"") | AD60: =IFERROR(((X60-D60)/D60)*100,"") | AG60: Tempo total sessão (min)
A61: Elevação Pélvica Máquina | E61: =B61*C61 | J61: =G61*H61 | O61: =L61*M61 | T61: =Q61*R61 | Y61: =V61*W61 | AA61: =IFERROR(((I61-D61)/D61)*100,"") | AB61: =IFERROR(((N61-D61)/D61)*100,"") | AC61: =IFERROR(((S61-D61)/D61)*100,"") | AD61: =IFERROR(((X61-D61)/D61)*100,"")
A62: Levantamento Terra | E62: =B62*C62 | J62: =G62*H62 | O62: =L62*M62 | T62: =Q62*R62 | Y62: =V62*W62 | AA62: =IFERROR(((I62-D62)/D62)*100,"") | AB62: =IFERROR(((N62-D62)/D62)*100,"") | AC62: =IFERROR(((S62-D62)/D62)*100,"") | AD62: =IFERROR(((X62-D62)/D62)*100,"")
